SchedDepApt,SchedArrApt,SchedArrLocal,FlightNumber,SchedDepLocal,Cancelled,AirlineCode,AircraftType,TailNumber,FlightId
DEN,BOS,2022-06-19 05:46,994,2022-06-18 23:59,0,B6,BCS3,N3085J,B6994DENBOS2206190559
HER,MRS,2022-06-19 02:20,2305,2022-06-18 23:59,0,V7,320,NO-TAIL-NUMBER,V72305HERMRS2206182059
SFO,MSP,2022-06-19 05:39,398,2022-06-18 23:59,0,SY,B738,N834SY,SY398SFOMSP2206190659
PDX,IAH,2022-06-19 06:08,2075,2022-06-18 23:59,0,UA,B739,N37471,UA2075PDXIAH2206190659
PDX,MSP,2022-06-19 05:08,298,2022-06-18 23:59,0,SY,B738,N808SY,SY298PDXMSP2206190659
DEN,EWR,2022-06-19 05:37,1467,2022-06-18 23:59,0,UA,B739,N64809,UA1467DENEWR2206190559
ATL,MEM,2022-06-19 00:20,2583,2022-06-18 23:59,0,DL,B712,N989AT,AM3087ATLMEM2206190359
PPT,LAX,2022-06-19 10:50,8,2022-06-18 23:59,0,TN,B789,FOVAA,AA7224PPTLAX2206190959
HER,LYS,2022-06-19 02:15,2827,2022-06-18 23:59,0,V7,319,NO-TAIL-NUMBER,V72827HERLYS2206182059
ANC,ORD,2022-06-19 09:06,531,2022-06-18 23:59,0,UA,B39M,N37530,AC3478ANCORD2206190759
FAT,ORD,2022-06-19 05:47,2293,2022-06-18 23:59,0,UA,A319,N871UA,UA2293FATORD2206190659
EWR,PTY,2022-06-19 04:11,2013,2022-06-18 23:59,0,UA,B739,N39450,CM1923EWRPTY2206190359
MAD,EZE,2022-06-19 07:40,6841,2022-06-18 23:59,0,IB,359,ECNIG,BA4291MADEZE2206182159
GYE,FLL,2022-06-19 05:30,1140,2022-06-18 23:59,0,NK,A20N,N938NK,NK1140GYEFLL2206190459
PFO,MAN,2022-06-19 02:45,938,2022-06-18 23:59,0,LS,32B,GHLYB,LS938PFOMAN2206182059
PHX,MCO,2022-06-19 07:15,1286,2022-06-18 23:59,0,F9,A20N,N324FR,F91286PHXMCO2206190659
CAI,JED,2022-06-19 03:20,568,2022-06-18 23:59,0,XY,320,VPCYD,XY568CAIJED2206182159
DEN,PHL,2022-06-19 05:35,2672,2022-06-18 23:59,0,AA,A21N,N434AN,AA2672DENPHL2206190559
DEN,IAD,2022-06-19 05:18,1549,2022-06-18 23:59,0,UA,B739,N66831,CM2869DENIAD2206190559
DLM,BHX,2022-06-19 02:20,1324,2022-06-18 23:59,0,LS,32B,GJZBK,LS1324DLMBHX2206182059
SFO,IAH,2022-06-19 05:48,505,2022-06-18 23:59,0,UA,B772,N778UA,NZ9194SFOIAH2206190659
RHO,MAN,2022-06-19 02:30,820,2022-06-18 23:59,0,LS,73H,GGDFF,LS820RHOMAN2206182059
SLC,JFK,2022-06-19 06:18,72,2022-06-18 23:59,0,B6,A320,N591JB,B672SLCJFK2206190559
CFU,DUB,2022-06-19 01:45,445,2022-06-18 23:59,0,EI,320,EIDES,EI445CFUDUB2206182059
SFO,JFK,2022-06-19 08:30,1816,2022-06-18 23:59,0,B6,A321,N962JT,AA9256SFOJFK2206190659
ATL,GSP,2022-06-19 00:55,1278,2022-06-18 23:59,0,DL,B739,N845DN,AM3019ATLGSP2206190359
LAX,CUN,2022-06-19 06:39,1654,2022-06-18 23:59,0,UA,B739,N68452,NH7086LAXCUN2206190659
SFO,AUS,2022-06-19 05:42,1646,2022-06-18 23:59,0,UA,A319,N807UA,AC4795SFOAUS2206190659
FLL,SDQ,2022-06-19 02:25,844,2022-06-18 23:59,0,NK,A321,N673NK,NK844FLLSDQ2206190359
NBO,AMS,2022-06-19 07:15,566,2022-06-18 23:59,0,KL,77W,PHBVR,AF5191NBOAMS2206182059
BKK,KIX,2022-06-19 07:30,622,2022-06-18 23:59,0,TG,B777,HSTTC,NH5596BKKKIX2206181659
DLM,STN,2022-06-19 02:10,1504,2022-06-18 23:59,0,LS,73H,GJZHP,LS1504DLMSTN2206182059
JTR,VCE,2022-06-19 01:40,1457,2022-06-18 23:59,0,V7,320,NO-TAIL-NUMBER,A33790JTRVCE2206182059
LAX,SAL,2022-06-19 06:11,1967,2022-06-18 23:59,0,DL,B738,N3764D,AF5947LAXSAL2206190659
PFO,LBA,2022-06-19 02:55,406,2022-06-18 23:59,0,LS,73H,GGDFY,LS406PFOLBA2206182059
ANC,SLC,2022-06-19 06:30,774,2022-06-18 23:59,0,AS,B738,N524AS,AS774ANCSLC2206190759
RUH,JED,2022-06-19 01:40,61,2022-06-18 23:59,0,XY,320,VPCXM,XY61RUHJED2206182059
DXB,JED,2022-06-19 01:50,510,2022-06-18 23:59,0,XY,320,HZNS27,XY510DXBJED2206181959
EUG,ORD,2022-06-19 05:37,1485,2022-06-18 23:59,0,UA,A320,N469UA,UA1485EUGORD2206190659
JED,RUH,2022-06-19 01:49,54,2022-06-18 23:59,0,XY,320,HZNS26,XY54JEDRUH2206182059
SLC,BWI,2022-06-19 06:10,897,2022-06-18 23:59,0,DL,A321,N109DN,DL897SLCBWI2206190559
MAD,SCL,2022-06-19 07:55,6833,2022-06-18 23:59,0,IB,332,ECMJA,BA4289MADSCL2206182159
PEI,ADZ,2022-06-19 01:47,8338,2022-06-18 23:59,0,VH,320,HK5305,VH8338PEIADZ2206190459
PHX,ATL,2022-06-19 06:34,940,2022-06-18 23:59,0,DL,A321,N314DN,DL940PHXATL2206190659
HER,TLV,2022-06-19 01:50,458,2022-06-18 23:59,0,A3,320,SXDVL,A3458HERTLV2206182059
BEY,AMM,2022-06-19 01:19,406,2022-06-18 23:59,0,RJ,319,JYEMC,RJ406BEYAMM2206182059
SFO,DFW,2022-06-19 05:38,1206,2022-06-18 23:59,0,UA,B739,N62892,AC4280SFODFW2206190659
LAX,DFW,2022-06-19 05:07,819,2022-06-18 23:59,0,AA,A321,N166NN,AA819LAXDFW2206190659
SEA,CLT,2022-06-19 07:58,2750,2022-06-18 23:58,0,AA,A321,N521UW,AA2750SEACLT2206190658
LAX,SJO,2022-06-19 06:55,1974,2022-06-18 23:57,0,DL,B752,N540US,DL1974LAXSJO2206190657
PDX,JFK,2022-06-19 08:10,1006,2022-06-18 23:57,0,B6,A320,N662JB,AA9330PDXJFK2206190657
ATL,SAV,2022-06-19 00:59,2742,2022-06-18 23:56,0,DL,A321,N337DN,AM3317ATLSAV2206190356
MTY,MEX,2022-06-19 01:28,334,2022-06-18 23:56,0,Y4,321,XAVLH,Y4334MTYMEX2206190456
SPU,DUB,2022-06-19 02:00,1381,2022-06-18 23:55,0,FR,73H,EIHEV,FR1381SPUDUB2206182155
IST,IKA,2022-06-19 04:25,872,2022-06-18 23:55,0,TK,321,TCJSL,TK872ISTIKA2206182055
HYD,GOI,2022-06-19 01:20,6057,2022-06-18 23:55,0,6E,320,VTIIJ,6E6057HYDGOI2206181825
JED,RUH,2022-06-19 01:40,1054,2022-06-18 23:55,0,SV,789,HZAR12,SV1054JEDRUH2206182055
PER,SYD,2022-06-19 06:05,654,2022-06-18 23:55,0,QF,73H,VHVXQ,AA7340PERSYD2206181555
IST,ESB,2022-06-19 00:55,2190,2022-06-18 23:55,0,TK,321,TCJSR,JU8190ISTESB2206182055
SEZ,DOH,2022-06-19 03:40,679,2022-06-18 23:55,0,QR,77L,A7BBH,AY6022SEZDOH2206181955
DME,KUF,2022-06-19 02:40,1079,2022-06-18 23:55,0,S7,E70,RA02859,B2179DMEKUF2206182055
ANC,PHX,2022-06-19 06:25,172,2022-06-18 23:55,0,AS,B39M,N936AK,AS172ANCPHX2206190755
SIN,FRA,2022-06-19 06:45,26,2022-06-18 23:55,0,SQ,388,9VSKN,A31201SINFRA2206181555
AYT,HAJ,2022-06-19 02:45,232,2022-06-18 23:55,0,XQ,7M8,TCSOI,XQ232AYTHAJ2206182055
VCP,FLL,2022-06-19 07:30,8704,2022-06-18 23:55,0,AD,339,PRANY,AD8704VCPFLL2206190255
VLC,PMI,2022-06-19 00:50,7214,2022-06-18 23:55,0,FR,73H,EIDHR,FR7214VLCPMI2206182155
ICN,DXB,2022-06-19 04:25,323,2022-06-18 23:55,0,EK,388,A6EOB,EK323ICNDXB2206181455
BJV,CGN,2022-06-19 02:35,5965,2022-06-18 23:55,0,PC,73H,TCCRB,PC5965BJVCGN2206182055
LAX,PPT,2022-06-19 05:05,111,2022-06-18 23:55,0,TN,B789,FOTOA,AA7225LAXPPT2206190655
AYT,LBA,2022-06-19 02:35,214,2022-06-18 23:55,0,LS,73H,GDRTB,LS214AYTLBA2206182055
TIJ,BJX,2022-06-19 04:52,400,2022-06-18 23:55,0,Y4,32A,XAVLE,Y4400TIJBJX2206190655
PHX,YYZ,2022-06-19 07:10,1288,2022-06-18 23:55,0,AC,A321,CFJNX,AC1288PHXYYZ2206190655
MTY,MEX,2022-06-19 01:30,1141,2022-06-18 23:55,0,VB,321,XAVAI,VB1141MTYMEX2206190455
TLV,JFK,2022-06-19 05:00,235,2022-06-18 23:55,0,DL,A339,N402DX,DL235TLVJFK2206182055
MEX,SDQ,2022-06-19 05:37,654,2022-06-18 23:55,0,AM,E90,XAACK,AM654MEXSDQ2206190455
JIB,IST,2022-06-19 05:30,660,2022-06-18 23:55,0,TK,7M8,TCLCU,TK660JIBIST2206182055
DLM,LBA,2022-06-19 02:25,476,2022-06-18 23:55,0,LS,73H,GJZHA,LS476DLMLBA2206182055
MAD,GRU,2022-06-19 05:40,6827,2022-06-18 23:55,0,IB,330,ECLUK,BA4287MADGRU2206182155
SGN,DXB,2022-06-19 04:00,393,2022-06-18 23:55,0,EK,77W,A6END,EK393SGNDXB2206181655
DME,AER,2022-06-19 04:05,2051,2022-06-18 23:55,0,S7,32A,RA73182,EK7895DMEAER2206182055
PNH,ICN,2022-06-19 07:15,740,2022-06-18 23:55,0,OZ,32Q,HL8399,OZ740PNHICN2206181655
PMI,LBA,2022-06-19 01:45,228,2022-06-18 23:55,0,LS,73C,GGDFL,LS228PMILBA2206182155
UIO,FLL,2022-06-19 05:10,2850,2022-06-18 23:55,0,B6,A321,N913JB,B62850UIOFLL2206190455
ESB,GZT,2022-06-19 01:05,7120,2022-06-18 23:55,0,TK,738,TCSBN,TK7120ESBGZT2206182055
MAD,MEX,2022-06-19 04:20,6409,2022-06-18 23:55,0,IB,A359,ECNGT,AY5554MADMEX2206182155
DME,DXB,2022-06-19 06:10,132,2022-06-18 23:55,0,EK,388,A6EUM,EK132DMEDXB2206182055
LAX,ORD,2022-06-19 06:01,2188,2022-06-18 23:55,0,AA,B738,N844NN,AA2188LAXORD2206190655
SFO,PIT,2022-06-19 07:52,2416,2022-06-18 23:55,0,UA,B739,N75433,NZ9390SFOPIT2206190655
ADD,TLV,2022-06-19 04:00,404,2022-06-18 23:55,0,ET,738,ETAQP,ET404ADDTLV2206182055
PMI,STN,2022-06-19 01:30,1498,2022-06-18 23:55,0,LS,73H,GJZHB,LS1498PMISTN2206182155
LIM,FLL,2022-06-19 06:53,1824,2022-06-18 23:55,0,B6,A21N,N2027J,B61824LIMFLL2206190455
LAX,MEX,2022-06-19 05:45,147,2022-06-18 23:55,0,VB,A320,XAVAJ,VB147LAXMEX2206190655
DLM,BRS,2022-06-19 02:20,6272,2022-06-18 23:55,0,U2,321,GUZMB,U26272DLMBRS2206182055
AMM,JED,2022-06-19 02:00,704,2022-06-18 23:55,0,RJ,E95,JYEMB,RJ704AMMJED2206182055
TFU,CGO,2022-06-19 09:50,6731,2022-06-18 23:55,0,3U,321,B1890,3U6731TFUCGO2206182355
LAX,EWR,2022-06-19 08:06,2473,2022-06-18 23:55,0,UA,B772,N799UA,NZ9512LAXEWR2206190655
MAA,KUL,2022-06-19 06:30,181,2022-06-18 23:55,0,MH,738,9MMXU,JL7946MAAKUL2206181825
HER,TLV,2022-06-19 01:50,456,2022-06-18 23:55,0,A3,321,SXDNH,A3456HERTLV2206182055
HKT,DOH,2022-06-19 02:20,841,2022-06-18 23:55,0,QR,788,A7BCH,BA7012HKTDOH2206181655
ESB,EZS,2022-06-19 01:10,7054,2022-06-18 23:55,0,TK,7M8,TCLAK,TK7054ESBEZS2206182055
BSB,GRU,2022-06-19 01:35,3263,2022-06-18 23:55,0,LA,319,NO-TAIL-NUMBER,AM8572BSBGRU2206190255
TPE,LAX,2022-06-18 20:50,8,2022-06-18 23:55,0,CI,B77W,B18006,CI8TPELAX2206181555
ABJ,IST,2022-06-19 10:25,557,2022-06-18 23:55,0,TK,7M8,TCLCE,TK557ABJIST2206182355
VCP,CGR,2022-06-19 00:40,2713,2022-06-18 23:55,0,AD,295,PSAEA,AD2713VCPCGR2206190255
NNG,HAK,2022-06-19 01:05,7096,2022-06-18 23:55,0,HU,73B,B6061,HU7096NNGHAK2206181555
AYT,CGN,2022-06-19 02:45,6903,2022-06-18 23:55,0,XC,73G,NO-TAIL-NUMBER,XC6903AYTCGN2206182055
NBO,CDG,2022-06-19 07:25,838,2022-06-18 23:55,0,AF,789,FHRBA,AF838NBOCDG2206182055
PHX,EWR,2022-06-19 07:40,2185,2022-06-18 23:55,0,UA,B738,N12218,UA2185PHXEWR2206190655
MAD,KEF,2022-06-19 02:15,595,2022-06-18 23:55,0,FI,75W,TFFIV,FI595MADKEF2206182155
OVB,IKT,2022-06-19 03:25,5231,2022-06-18 23:55,0,S7,E70,NO-TAIL-NUMBER,S75231OVBIKT2206181655
ATH,TLV,2022-06-19 01:55,544,2022-06-18 23:55,0,LY,738,4XEKS,LY544ATHTLV2206182055
MAD,LIM,2022-06-19 04:30,175,2022-06-18 23:55,0,UX,B788,ECMMY,EY4385MADLIM2206182155
RAI,LIS,2022-06-19 05:55,1544,2022-06-18 23:55,0,TP,320,CSTJJ,TK8136RAILIS2206190055
DME,UFA,2022-06-19 04:05,1131,2022-06-18 23:55,0,S7,32A,RA73418,EK7849DMEUFA2206182055
MAD,LPA,2022-06-19 01:45,3836,2022-06-18 23:55,0,IB,32Q,NO-TAIL-NUMBER,AA8718MADLPA2206182155
KWI,COK,2022-06-19 07:15,68,2022-06-18 23:55,0,G8,32A,VTWJY,G868KWICOK2206182055
IGU,GRU,2022-06-19 01:35,3341,2022-06-18 23:55,0,LA,320,NO-TAIL-NUMBER,AM8593IGUGRU2206190255
TFU,HTN,2022-06-19 12:50,2503,2022-06-18 23:55,0,CA,32N,B322K,CA2503TFUHTN2206182355
RNO,IAH,2022-06-19 05:17,572,2022-06-18 23:55,0,UA,A320,N411UA,UA572RNOIAH2206190655
OSL,BOJ,2022-06-19 04:10,1570,2022-06-18 23:55,0,DY,738,NO-TAIL-NUMBER,DY1570OSLBOJ2206182155
BOG,CDG,2022-06-19 17:15,429,2022-06-18 23:55,0,AF,B789,FHRBI,AF429BOGCDG2206190455
ESB,OGU,2022-06-19 01:05,7138,2022-06-18 23:55,0,TK,73H,TCJKU,TK7138ESBOGU2206182055
DME,KZN,2022-06-19 01:30,1059,2022-06-18 23:55,0,S7,32A,RA73401,B2159DMEKZN2206182055
AMM,BUD,2022-06-19 02:45,2374,2022-06-18 23:55,0,W6,320,HALPW,W62374AMMBUD2206182055
COK,KWI,2022-06-19 02:30,1757,2022-06-18 23:55,0,6E,320,VTIVZ,6E1757COKKWI2206181825
SVO,MSQ,2022-06-19 01:30,1834,2022-06-18 23:55,0,SU,320,RA73745,SU1834SVOMSQ2206182055
EWR,ATH,2022-06-19 16:05,210,2022-06-18 23:55,0,EK,B77W,A6EPX,B65033EWRATH2206190355
BCN,JMK,2022-06-19 03:55,2570,2022-06-18 23:55,0,VY,32A,NO-TAIL-NUMBER,IB5246BCNJMK2206182155
HAN,NRT,2022-06-19 07:15,412,2022-06-18 23:55,0,QH,321,VNA590,QH412HANNRT2206181655
LAX,DTW,2022-06-19 07:23,1216,2022-06-18 23:55,0,DL,A321,N381DZ,AM3776LAXDTW2206190655
LAD,LIS,2022-06-19 07:10,650,2022-06-18 23:55,0,DT,773,D2TEJ,DT650LADLIS2206182255
SIN,CPH,2022-06-19 06:55,352,2022-06-18 23:55,0,SQ,359,9VSMK,MH5856SINCPH2206181555
GYE,FLL,2022-06-19 05:20,1256,2022-06-18 23:55,0,B6,A321,N970JB,B61256GYEFLL2206190455
AYT,CGN,2022-06-19 02:50,112,2022-06-18 23:55,0,XQ,73H,TCSOE,XQ112AYTCGN2206182055
MNL,DXB,2022-06-19 04:30,335,2022-06-18 23:55,0,EK,77W,A6ENF,EK335MNLDXB2206181555
ATH,CAI,2022-06-19 00:50,930,2022-06-18 23:55,0,A3,321,SXDNF,A3930ATHCAI2206182055
CCU,MAA,2022-06-19 02:10,946,2022-06-18 23:55,0,6E,320,VTIVW,6E946CCUMAA2206181825
EWR,ORY,2022-06-19 13:20,721,2022-06-18 23:55,0,BF,A359,FHREV,BF721EWRORY2206190355
BOM,DWC,2022-06-19 01:30,13,2022-06-18 23:55,0,SG,7M8,VTMAX,SG13BOMDWC2206181825
SAW,EZS,2022-06-19 01:30,7216,2022-06-18 23:55,0,TK,738,TCSCG,TK7216SAWEZS2206182055
SGN,ICN,2022-06-19 06:40,408,2022-06-18 23:55,0,VN,787,VNA870,KE5682SGNICN2206181655
MAD,TFS,2022-06-19 01:55,3908,2022-06-18 23:55,0,IB,32S,NO-TAIL-NUMBER,AA8709MADTFS2206182155
JFK,IST,2022-06-19 16:30,12,2022-06-18 23:55,0,TK,B77W,TCJJO,AV6634JFKIST2206190355
PER,HKG,2022-06-19 07:30,170,2022-06-18 23:55,0,CX,35J,BLXJ,BA4144PERHKG2206181555
ABV,IST,2022-06-19 08:20,624,2022-06-18 23:55,0,TK,333,TCLNG,TK624ABVIST2206182255
AYT,CGN,2022-06-19 02:50,5013,2022-06-18 23:55,0,PC,73H,TCNBC,PC5013AYTCGN2206182055
ACC,CDG,2022-06-19 08:30,914,2022-06-18 23:55,0,AF,332,FGZCB,AF914ACCCDG2206182355
DXB,DEL,2022-06-19 04:40,12,2022-06-18 23:55,0,SG,7M8,VTSGJ,SG12DXBDEL2206181955
AYT,NUE,2022-06-19 02:40,5033,2022-06-18 23:55,0,PC,20N,TCNCH,PC5033AYTNUE2206182055
TIF,JED,2022-06-19 00:45,1955,2022-06-18 23:55,0,SV,32U,HZASB,SV1955TIFJED2206182055
SFO,EWR,2022-06-19 08:20,1666,2022-06-18 23:55,0,UA,B772,N791UA,NZ9102SFOEWR2206190655
ADB,ESB,2022-06-19 01:05,7019,2022-06-18 23:55,0,TK,73H,TCJVC,TK7019ADBESB2206182055
KTM,KUL,2022-06-19 06:50,181,2022-06-18 23:55,0,OD,738,9MLCR,OD181KTMKUL2206181810
ARN,ADB,2022-06-19 04:45,935,2022-06-18 23:55,0,XQ,73H,TCSPC,XQ935ARNADB2206182155
SLC,BOS,2022-06-19 06:32,906,2022-06-18 23:55,0,DL,B739,N906DN,DL906SLCBOS2206190555
TBS,GYD,2022-06-19 01:05,9226,2022-06-18 23:55,0,J2,320,4KAZ80,J29226TBSGYD2206181955
KWI,HBE,2022-06-19 01:55,556,2022-06-18 23:55,0,E5,320,SUAAB,E5556KWIHBE2206182055
MAD,EZE,2022-06-19 07:35,41,2022-06-18 23:55,0,UX,789,ECNGS,AR7359MADEZE2206182155
LED,SVX,2022-06-19 04:40,515,2022-06-18 23:55,0,DP,73H,73245,DP515LEDSVX2206182055
SIN,NRT,2022-06-19 08:00,638,2022-06-18 23:55,0,SQ,787,9VSCN,ET1344SINNRT2206181555
SAW,BGW,2022-06-19 02:55,7692,2022-06-18 23:55,0,TK,73H,TCJZU,TK7692SAWBGW2206182055
PMI,BRS,2022-06-19 01:15,6046,2022-06-18 23:55,0,U2,320,GEZUF,U26046PMIBRS2206182155
TUN,BCN,2022-06-19 02:50,7713,2022-06-18 23:55,0,VY,320,ECMBF,VY7713TUNBCN2206182255
MNL,ICN,2022-06-19 05:00,704,2022-06-18 23:55,0,OZ,333,HL7746,OZ704MNLICN2206181555
LAX,JFK,2022-06-19 08:37,554,2022-06-18 23:55,0,DL,B763,N194DN,AM4097LAXJFK2206190655
GRU,GYN,2022-06-19 01:30,3542,2022-06-18 23:55,0,LA,320,NO-TAIL-NUMBER,LA3542GRUGYN2206190255
SIN,AMS,2022-06-19 07:15,324,2022-06-18 23:55,0,SQ,359,9VSMG,NZ3324SINAMS2206181555
TLV,DXB,2022-06-19 04:15,1628,2022-06-18 23:55,0,FZ,7M8,A6FMF,EK2368TLVDXB2206182055
ATQ,PNQ,2022-06-19 02:30,6573,2022-06-18 23:55,0,6E,320,VTIST,6E6573ATQPNQ2206181825
ORD,MEX,2022-06-19 04:05,187,2022-06-18 23:55,0,VB,A20N,XAVIV,VB187ORDMEX2206190455
ATH,TLV,2022-06-19 02:00,928,2022-06-18 23:55,0,A3,32Q,SXNAA,A3928ATHTLV2206182055
ABJ,ORY,2022-06-19 09:00,985,2022-06-18 23:55,0,SS,330,FHJAZ,SS985ABJORY2206182355
EZE,MAD,2022-06-19 17:10,1132,2022-06-18 23:55,0,AR,330,LVFVH,AR1132EZEMAD2206190255
LAX,MEX,2022-06-19 05:55,649,2022-06-18 23:55,0,AM,B738,XAAMN,AF9981LAXMEX2206190655
MAH,BCN,2022-06-19 00:50,3727,2022-06-18 23:55,0,VY,32A,NO-TAIL-NUMBER,IB5499MAHBCN2206182155
OVB,BQS,2022-06-19 06:15,5211,2022-06-18 23:55,0,S7,32N,RA73458,S75211OVBBQS2206181655
MCT,BOM,2022-06-19 04:10,82,2022-06-18 23:55,0,6E,320,VTITN,6E82MCTBOM2206181955
SEA,ORD,2022-06-19 05:50,2497,2022-06-18 23:54,0,UA,B737,N27733,UA2497SEAORD2206190654
IAH,BOG,2022-06-19 04:44,209,2022-06-18 23:54,0,UA,B737,N14731,AV2249IAHBOG2206190454
SFO,CLT,2022-06-19 08:04,1807,2022-06-18 23:53,0,AA,A321,N975UY,AA1807SFOCLT2206190653
LAS,ORD,2022-06-19 05:25,2107,2022-06-18 23:52,0,UA,B39M,N47505,AC3349LASORD2206190652
TIJ,TGZ,2022-06-19 06:00,544,2022-06-18 23:52,0,Y4,32A,N508VL,Y4544TIJTGZ2206190652
PHX,ORD,2022-06-19 05:20,1693,2022-06-18 23:51,0,AA,B738,N998NN,AA1693PHXORD2206190651
LAX,GUA,2022-06-19 05:47,1897,2022-06-18 23:51,0,DL,B752,N823DX,AF2346LAXGUA2206190651
PHX,IAD,2022-06-19 07:13,716,2022-06-18 23:51,0,UA,A319,N853UA,AV2090PHXIAD2206190651
AYT,HAJ,2022-06-19 02:40,230,2022-06-18 23:50,0,XQ,73H,TCSOT,XQ230AYTHAJ2206182050
NBO,DXB,2022-06-19 05:45,722,2022-06-18 23:50,0,EK,77W,A6EGU,B65095NBODXB2206182050
XIC,CKG,2022-06-19 01:15,8082,2022-06-18 23:50,0,3U,320,B6388,3U8082XICCKG2206181550
DME,LED,2022-06-19 01:25,1025,2022-06-18 23:50,0,S7,738,73667,EK7983DMELED2206182050
RIX,WMI,2022-06-19 00:10,3285,2022-06-18 23:50,0,FR,73H,SPRZD,FR3285RIXWMI2206182050
YYZ,BOG,2022-06-19 05:00,205,2022-06-18 23:50,0,AV,A319,N519AV,AV205YYZBOG2206190350
TRZ,SIN,2022-06-19 06:50,565,2022-06-18 23:50,0,TR,32Q,9VNCH,SQ8367TRZSIN2206181820
LAX,MSP,2022-06-19 05:28,430,2022-06-18 23:50,0,SY,B738,N801SY,SY430LAXMSP2206190650
LAX,PPT,2022-06-19 05:30,76,2022-06-18 23:50,0,AF,B772,FGSPJ,AF76LAXPPT2206190650
LAS,YYZ,2022-06-19 07:00,1854,2022-06-18 23:50,0,AC,A321,CGHPJ,AC1854LASYYZ2206190650
JFK,CDG,2022-06-19 13:15,9,2022-06-18 23:50,0,AF,B772,FGSPY,AF9JFKCDG2206190350
AGP,LPA,2022-06-19 01:15,3065,2022-06-18 23:50,0,VY,320,ECMFN,IB5467AGPLPA2206182150
MUX,SHJ,2022-06-19 02:00,293,2022-06-18 23:50,0,PK,320,APBLS,PK293MUXSHJ2206181850
BNE,NAN,2022-06-19 05:25,922,2022-06-18 23:50,0,FJ,7M8,DQFAD,FJ922BNENAN2206181350
CCU,SIN,2022-06-19 06:40,517,2022-06-18 23:50,0,SQ,7M8,9VMBF,NH6291CCUSIN2206181820
MEX,YYZ,2022-06-19 05:45,692,2022-06-18 23:50,0,AM,B738,XAAMO,AM692MEXYYZ2206190450
BNE,SIN,2022-06-19 05:45,246,2022-06-18 23:50,0,SQ,359,9VSMN,LH9783BNESIN2206181350
HEL,OUL,2022-06-19 00:55,449,2022-06-18 23:50,0,AY,E90,OHLKE,AY449HELOUL2206182050
BOM,SIN,2022-06-19 07:50,344,2022-06-18 23:50,0,AI,32B,VTCIO,AI344BOMSIN2206181820
GRU,LHR,2022-06-19 15:05,8084,2022-06-18 23:50,0,LA,777,NO-TAIL-NUMBER,AY4426GRULHR2206190250
KYA,IST,2022-06-19 01:15,2041,2022-06-18 23:50,0,TK,319,TCJLT,JU8219KYAIST2206182050
LCA,TLV,2022-06-19 00:50,1162,2022-06-18 23:50,0,IZ,E95,4XEMF,IZ1162LCATLV2206182050
BHY,WUH,2022-06-19 01:45,2582,2022-06-18 23:50,0,MU,73H,B7376,MU2582BHYWUH2206181550
SSH,VRN,2022-06-19 04:20,6509,2022-06-18 23:50,0,NO,737,INEOW,NO6509SSHVRN2206182150
LUM,KMG,2022-06-19 00:55,8222,2022-06-18 23:50,0,3U,319,B6173,3U8222LUMKMG2206181550
JTR,MAN,2022-06-19 02:00,1718,2022-06-18 23:50,0,LS,32B,GHLYF,LS1718JTRMAN2206182050
ASR,IST,2022-06-19 01:25,2019,2022-06-18 23:50,0,TK,320,TCJPL,JU8069ASRIST2206182050
BAH,SIN,2022-06-19 12:40,165,2022-06-18 23:50,0,GF,789,A9CFE,GF165BAHSIN2206182050
LED,SVO,2022-06-19 01:15,45,2022-06-18 23:50,0,SU,321,73711,SU45LEDSVO2206182050
TFU,DLU,2022-06-19 09:30,4471,2022-06-18 23:50,0,CA,319,B6037,CA4471TFUDLU2206182350
CAI,KWI,2022-06-19 03:15,612,2022-06-18 23:50,0,MS,738,SUGDY,MS612CAIKWI2206182150
BUS,JED,2022-06-19 03:05,626,2022-06-18 23:50,0,XY,320,HZNS37,XY626BUSJED2206181950
TFU,BSD,2022-06-19 09:35,9748,2022-06-18 23:50,0,MU,737,B5819,MU9748TFUBSD2206182350
GRU,FRA,2022-06-19 16:40,8070,2022-06-18 23:50,0,LA,777,PTMUE,AY4424GRUFRA2206190250
BKK,NRT,2022-06-19 08:10,642,2022-06-18 23:50,0,TG,77W,HSTKW,NH5954BKKNRT2206181650
MCT,MAA,2022-06-19 05:05,908,2022-06-18 23:50,0,AI,32B,VTEXT,AI908MCTMAA2206181950
SLC,ATL,2022-06-19 05:31,373,2022-06-18 23:50,0,DL,B739,N820DN,AM4195SLCATL2206190550
PER,MEL,2022-06-19 05:15,784,2022-06-18 23:50,0,QF,73H,VHVZK,AS5093PERMEL2206181550
YMM,YYZ,2022-06-19 05:25,1940,2022-06-18 23:50,0,AC,A319,CGITR,AC1940YMMYYZ2206190550
JFK,TLV,2022-06-19 17:20,8,2022-06-18 23:50,0,LY,B789,4XEDD,AM7856JFKTLV2206190350
SAW,HRG,2022-06-19 01:30,623,2022-06-18 23:50,0,PC,320,TCRBJ,PC623SAWHRG2206182050
ATH,ARN,2022-06-19 02:25,4384,2022-06-18 23:50,0,D8,738,SERPR,D84384ATHARN2206182050
SEA,ORD,2022-06-19 05:50,718,2022-06-18 23:50,0,AS,B739,N237AK,AS718SEAORD2206190650
SEZ,DXB,2022-06-19 04:20,708,2022-06-18 23:50,0,EK,77W,A6ENE,CZ7879SEZDXB2206181950
ADB,AMM,2022-06-19 01:45,1804,2022-06-18 23:50,0,PC,320,TCNCE,PC1804ADBAMM2206182050
MNL,ICN,2022-06-19 05:00,624,2022-06-18 23:50,0,KE,333,HL7586,KE624MNLICN2206181550
PEK,ICN,2022-06-19 03:05,393,2022-06-18 23:50,0,AF,77W,FGZNQ,AF393PEKICN2206181550
BOG,SCL,2022-06-19 06:35,579,2022-06-18 23:50,0,LA,787,CCBBA,DL6027BOGSCL2206190450
HBE,SHJ,2022-06-19 05:25,607,2022-06-18 23:50,0,G9,320,A6ABM,G9607HBESHJ2206182150
COK,PNQ,2022-06-19 01:35,951,2022-06-18 23:50,0,6E,320,VTIZM,6E951COKPNQ2206181820
YYZ,LHR,2022-06-19 11:50,858,2022-06-18 23:50,0,AC,B77W,CFRAM,A33057YYZLHR2206190350
DME,SVX,2022-06-19 04:20,1173,2022-06-18 23:50,0,S7,32A,RA73424,S71173DMESVX2206182050
LAX,PTY,2022-06-19 06:18,1846,2022-06-18 23:50,0,DL,B738,N397DA,DL1846AUSPTY2206190450
VTZ,HYD,2022-06-19 01:15,883,2022-06-18 23:50,0,6E,320,VTISN,6E883VTZHYD2206181820
TFU,XIC,2022-06-19 09:15,1933,2022-06-18 23:50,0,EU,C27,B651Q,EU1933TFUXIC2206182350
MEL,HKG,2022-06-19 06:55,178,2022-06-18 23:50,0,CX,35J,BLXK,BA4140MELHKG2206181350
ATL,MCO,2022-06-19 01:14,2179,2022-06-18 23:50,0,DL,B753,N581NW,AM3096ATLMCO2206190350
DPS,SYD,2022-06-19 07:50,68,2022-06-18 23:50,0,VA,73H,VHYIO,VA68DPSSYD2206181550
YLX,KWL,2022-06-19 08:50,1117,2022-06-18 23:50,0,GT,320,B301C,GT1117YLXKWL2206182350
KGS,BHX,2022-06-19 02:10,1256,2022-06-18 23:50,0,LS,73H,GJZBO,LS1256KGSBHX2206182050
KUL,KCH,2022-06-19 01:40,5236,2022-06-18 23:50,0,AK,320,9MAGT,AK5236KULKCH2206181550
SCO,EVN,2022-06-19 00:05,845,2022-06-18 23:50,0,DV,CRJ,NO-TAIL-NUMBER,DV845SCOEVN2206181850
IST,TBS,2022-06-19 03:05,386,2022-06-18 23:50,0,TK,321,TCLSA,MS9308ISTTBS2206182050
KCA,URC,2022-06-19 01:00,2612,2022-06-18 23:50,0,UQ,738,B1323,UQ2612KCAURC2206181550
EWR,IST,2022-06-19 16:45,30,2022-06-18 23:50,0,TK,A333,TCJOG,TK30EWRIST2206190350
ATL,PBI,2022-06-19 01:29,2158,2022-06-18 23:49,0,DL,A321,N351DN,AM3276ATLPBI2206190349
SFO,MSY,2022-06-19 06:14,2063,2022-06-18 23:49,0,UA,B39M,N67501,NZ2159SFOMSY2206190649
LAS,JFK,2022-06-19 07:39,2348,2022-06-18 23:48,0,B6,A21N,N2039J,AA9372LASJFK2206190648
GUA,JFK,2022-06-19 06:30,1329,2022-06-18 23:48,0,B6,A21N,N2038J,B61329GUAJFK2206190548
TIJ,MEX,2022-06-19 05:19,859,2022-06-18 23:48,0,Y4,32A,XAVLC,Y4859TIJMEX2206190648
TIJ,GDL,2022-06-19 04:41,428,2022-06-18 23:47,0,Y4,32Q,XAVSM,Y4428TIJGDL2206190647
IAH,PHL,2022-06-19 04:00,2318,2022-06-18 23:47,0,F9,A20N,N361FR,F92318IAHPHL2206190447
SFO,ORD,2022-06-19 06:09,438,2022-06-18 23:46,0,AA,B738,N344PP,AA438SFOORD2206190646
PDX,ORD,2022-06-19 05:43,1490,2022-06-18 23:46,0,UA,A320,N486UA,AC3425PDXORD2206190646
SEA,IAH,2022-06-19 06:01,2379,2022-06-18 23:46,0,UA,A320,N475UA,UA2379SEAIAH2206190646
JFK,TLV,2022-06-19 17:35,234,2022-06-18 23:45,0,DL,A339,N404DX,DL234JFKTLV2206190345
MAD,GRU,2022-06-19 05:25,57,2022-06-18 23:45,0,UX,789,ECNGM,EY4375MADGRU2206182145
ABQ,JFK,2022-06-19 05:54,66,2022-06-18 23:45,0,B6,A320,N598JB,B666ABQJFK2206190545
SEA,IAH,2022-06-19 05:50,262,2022-06-18 23:45,0,AS,B39M,N972AK,AS262SEAIAH2206190645
BKK,FRA,2022-06-19 06:15,920,2022-06-18 23:45,0,TG,77W,HSTKU,AC6128BKKFRA2206181645
LIS,TNG,2022-06-19 01:15,1458,2022-06-18 23:45,0,TP,AT7,CSDJF,TP1458LISTNG2206182245
YYJ,YYZ,2022-06-19 07:10,1904,2022-06-18 23:45,0,AC,A320,CGFDU,AC1904YYJYYZ2206190645
ANC,LAX,2022-06-19 06:00,150,2022-06-18 23:45,0,AS,B39M,N975AK,AS150ANCLAX2206190745
RNO,JFK,2022-06-19 07:53,80,2022-06-18 23:45,0,B6,A320,N775JB,B680RNOJFK2206190645
ICN,IST,2022-06-19 05:10,91,2022-06-18 23:45,0,TK,77W,TCJJJ,OZ6931ICNIST2206181445
BKK,VIE,2022-06-19 05:35,26,2022-06-18 23:45,0,OS,772,OELPA,LH6467BKKVIE2206181645
CCU,DEL,2022-06-19 02:10,2746,2022-06-18 23:45,0,6E,320,VTIMM,6E2746CCUDEL2206181815
UYN,PEK,2022-06-19 01:15,7134,2022-06-18 23:45,0,HU,73B,B5638,HU7134UYNPEK2206181545
JFK,ACC,2022-06-19 14:05,156,2022-06-18 23:45,0,DL,B763,N187DN,AF8703JFKACC2206190345
BAH,RUH,2022-06-19 01:05,637,2022-06-18 23:45,0,LH,333,DAIKK,AC9260BAHRUH2206182045
DWC,MHD,2022-06-19 02:30,5251,2022-06-18 23:45,0,FZ,73H,A6FGA,FZ5251DWCMHD2206181945
TFU,WEH,2022-06-19 10:50,2703,2022-06-18 23:45,0,EU,320,B30CQ,EU2703TFUWEH2206182345
RAK,CPH,2022-06-19 05:05,3407,2022-06-18 23:45,0,D8,738,SERRN,D83407RAKCPH2206182245
LAS,EWR,2022-06-19 07:30,2388,2022-06-18 23:45,0,UA,B739,N69819,UA2388LASEWR2206190645
CUN,LIM,2022-06-19 05:01,342,2022-06-18 23:45,0,Y4,32N,N539VL,Y4342CUNLIM2206190445
IKA,DOH,2022-06-19 00:20,499,2022-06-18 23:45,0,QR,77W,A7BEE,IB2487IKADOH2206181915
ATH,TUN,2022-06-18 23:55,734,2022-06-18 23:45,0,A3,319,SXDGF,A3734ATHTUN2206182045
AUH,AMD,2022-06-19 04:25,288,2022-06-18 23:45,0,EY,32A,A6EIX,EY288AUHAMD2206181945
SHJ,BOM,2022-06-19 04:15,405,2022-06-18 23:45,0,G9,320,A6ANP,G9405SHJBOM2206181945
SCL,MIA,2022-06-19 08:10,500,2022-06-18 23:45,0,LA,B789,CCBGA,DL6050SCLMIA2206190345
LIM,MIA,2022-06-19 06:44,988,2022-06-18 23:45,0,AA,A21N,N421UW,AA988LIMMIA2206190445
SAL,IAD,2022-06-19 06:30,1458,2022-06-18 23:45,0,UA,B738,N33209,UA1458SALIAD2206190545
SMF,JFK,2022-06-19 08:05,162,2022-06-18 23:45,0,B6,A21N,N2043J,B6162SMFJFK2206190645
CFU,LGW,2022-06-19 00:55,8760,2022-06-18 23:45,0,U2,320,GEZRX,U28760CFULGW2206182045
CAN,HAK,2022-06-19 01:15,7002,2022-06-18 23:45,0,HU,7OX,B5797,HU7002CANHAK2206181545
PHX,MIA,2022-06-19 07:18,2054,2022-06-18 23:45,0,AA,A321,N141NN,AA2054PHXMIA2206190645
CTA,MAN,2022-06-19 02:25,1720,2022-06-18 23:45,0,LS,73H,GDRTY,LS1720CTAMAN2206182145
AGP,LTN,2022-06-19 01:30,2410,2022-06-18 23:45,0,U2,319,GEZDK,U22410AGPLTN2206182145
LAS,CLE,2022-06-19 06:55,1168,2022-06-18 23:45,0,NK,A20N,N931NK,NK1168LASCLE2206190645
DME,GYD,2022-06-19 03:55,184,2022-06-18 23:45,0,J2,763,4KAZ82,J2184DMEGYD2206182045
LAX,CLT,2022-06-19 07:40,1289,2022-06-18 23:45,0,AA,A321,N171US,AA1289LAXCLT2206190645
KIX,DXB,2022-06-19 04:50,317,2022-06-18 23:45,0,EK,77W,A6ECU,EK317KIXDXB2206181445
AYT,STN,2022-06-19 02:10,1604,2022-06-18 23:45,0,LS,73H,GDRTU,LS1604AYTSTN2206182045
PFO,STN,2022-06-19 02:35,1526,2022-06-18 23:45,0,LS,73H,GDRTW,LS1526PFOSTN2206182045
DAD,ICN,2022-06-19 06:00,878,2022-06-18 23:45,0,VJ,321,VNA640,A12878DADICN2206181645
TIJ,GDL,2022-06-19 04:40,3109,2022-06-18 23:45,0,VB,320,XAVAE,VB3109TIJGDL2206190645
RUH,BOM,2022-06-19 06:20,134,2022-06-18 23:45,0,SG,737,VTMXK,SG134RUHBOM2206182045
SAW,ADB,2022-06-19 00:55,2212,2022-06-18 23:45,0,PC,320,TCNCS,PC2212SAWADB2206182045
AYT,NUE,2022-06-19 02:10,168,2022-06-18 23:45,0,XQ,7M8,TCSOK,XQ168AYTNUE2206182045
NSI,DLA,2022-06-19 00:30,669,2022-06-18 23:45,0,TK,7M8,TCLCS,TK669NSIDLA2206182245
FLL,STI,2022-06-19 01:49,633,2022-06-18 23:45,0,NK,A321,N674NK,NK633FLLSTI2206190345
DME,IKT,2022-06-19 10:30,3019,2022-06-18 23:45,0,S7,73H,RA73409,LY8887DMEIKT2206182045
BKK,CCU,2022-06-19 00:45,313,2022-06-18 23:45,0,WE,32S,HSTXT,TG2313BKKCCU2206181645
KUL,BKI,2022-06-19 02:25,5120,2022-06-18 23:45,0,AK,320,NO-TAIL-NUMBER,AK5120KULBKI2206181545
LAX,JFK,2022-06-19 08:28,28,2022-06-18 23:45,0,AA,A321,N104NN,AA28LAXJFK2206190645
ALC,BRS,2022-06-19 01:15,6076,2022-06-18 23:45,0,U2,320,GEZOT,U26076ALCBRS2206182145
MRV,VKO,2022-06-19 03:40,274,2022-06-18 23:45,0,UT,738,RA73084,TK9061MRVVKO2206182045
CAN,AKL,2022-06-19 14:45,305,2022-06-18 23:45,0,CZ,B789,B1243,CZ305CANAKL2206181545
HEL,TLL,2022-06-19 00:20,1035,2022-06-18 23:45,0,AY,AT7,OHATO,AF4662HELTLL2206182045
MSQ,BUS,2022-06-19 05:35,737,2022-06-18 23:45,0,B2,738,EW457PA,B2737MSQBUS2206182045
SWA,HAK,2022-06-19 01:30,6574,2022-06-18 23:45,0,CZ,320,B6976,CZ6574SWAHAK2206181545
CMN,ABJ,2022-06-19 03:15,533,2022-06-18 23:45,0,AT,73H,CNRNU,AA7985CMNABJ2206182245
LAS,DTW,2022-06-19 06:40,950,2022-06-18 23:45,0,DL,B739,N847DN,DL950LASDTW2206190645
PNQ,IXE,2022-06-19 01:20,671,2022-06-18 23:45,0,6E,320,VTIVG,6E671PNQIXE2206181815
BOG,DFW,2022-06-19 05:20,1122,2022-06-18 23:45,0,AA,A319,N12028,AA1122BOGDFW2206190445
DMM,JED,2022-06-19 01:55,407,2022-06-18 23:45,0,XY,320,VPCXI,XY407DMMJED2206182045
MEX,LIM,2022-06-19 05:25,340,2022-06-18 23:45,0,Y4,32N,N530VL,Y4340MEXLIM2206190445
CHQ,BGO,2022-06-19 03:00,1895,2022-06-18 23:45,0,DY,738,NO-TAIL-NUMBER,DY1895CHQBGO2206182045
SFO,MCO,2022-06-19 08:16,221,2022-06-18 23:44,0,UA,B739,N62889,CM2882SFOMCO2206190644
MXL,GDL,2022-06-19 04:24,623,2022-06-18 23:42,0,Y4,21N,N534VL,Y4623MXLGDL2206190642
DMM,KWI,2022-06-19 00:45,625,2022-06-18 23:40,0,LH,333,DAIKM,LH625DMMKWI2206182040
ATH,CPH,2022-06-19 01:50,3375,2022-06-18 23:40,0,D8,738,SERRF,D83375ATHCPH2206182040
MAD,MEX,2022-06-19 04:00,22,2022-06-18 23:40,0,AM,B789,N183AM,AM22MADMEX2206182140
MAD,SCL,2022-06-19 07:15,705,2022-06-18 23:40,0,LA,787,CCBGI,AY4427MADSCL2206182140
CMB,BOM,2022-06-19 02:10,141,2022-06-18 23:40,0,UL,320,4RABN,UL141CMBBOM2206181810
SMF,ORD,2022-06-19 05:38,2077,2022-06-18 23:40,0,AA,B738,N858NN,AA2077SMFORD2206190640
IST,SHJ,2022-06-19 05:00,288,2022-06-18 23:40,0,G9,320,A6ANV,G9288ISTSHJ2206182040
RHO,LTN,2022-06-19 01:50,2006,2022-06-18 23:40,0,U2,320,GEZGY,U22006RHOLTN2206182040
ADD,DAR,2022-06-19 03:10,827,2022-06-18 23:40,0,ET,738,ETAQQ,ET827ADDDAR2206182040
MQF,OVB,2022-06-19 04:15,5060,2022-06-18 23:40,0,S7,E70,NO-TAIL-NUMBER,S75060MQFOVB2206181840
BAH,KWI,2022-06-19 00:50,446,2022-06-18 23:40,0,KL,332,PHAOF,DL9222BAHKWI2206182040
OVB,GDX,2022-06-19 08:40,5219,2022-06-18 23:40,0,S7,32N,RA73452,S75219OVBGDX2206181640
HAS,RUH,2022-06-19 01:00,1322,2022-06-18 23:40,0,SV,320,HZAS44,SV1322HASRUH2206182040
SIN,FRA,2022-06-19 07:05,779,2022-06-18 23:40,0,LH,343,DAIGM,LH779SINFRA2206181540
MEX,LIM,2022-06-19 05:35,48,2022-06-18 23:40,0,AM,7M8,XAMAQ,AM48MEXLIM2206190440
SZX,HFE,2022-06-19 01:50,6322,2022-06-18 23:40,0,PN,320,B8102,PN6322SZXHFE2206181540
TFU,LHW,2022-06-19 09:05,2471,2022-06-18 23:40,0,MU,73E,B5472,MU2471TFULHW2206182340
CAN,CKG,2022-06-19 01:55,6206,2022-06-18 23:40,0,PN,320,B306V,PN6206CANCKG2206181540
KUN,EDI,2022-06-19 00:30,2885,2022-06-18 23:40,0,FR,73H,EIEKI,FR2885KUNEDI2206182040
PNQ,MAA,2022-06-19 01:20,6658,2022-06-18 23:40,0,6E,320,VTIFR,6E6658PNQMAA2206181810
DXB,BOM,2022-06-19 04:15,984,2022-06-18 23:40,0,AI,321,VTPPW,AI984DXBBOM2206181940
ADD,ARN,2022-06-19 06:40,714,2022-06-18 23:40,0,ET,789,ETAXS,ET714ADDARN2206182040
HTN,URC,2022-06-19 01:25,6820,2022-06-18 23:40,0,CZ,738,B7972,CZ6820HTNURC2206181540
ICN,AMS,2022-06-19 06:15,868,2022-06-18 23:40,0,KL,789,PHBHE,KL868ICNAMS2206181440
ADB,IKA,2022-06-19 04:10,7726,2022-06-18 23:40,0,TK,73H,TCJZV,TK7726ADBIKA2206182040
GDL,PTY,2022-06-19 03:50,4723,2022-06-18 23:40,0,CM,73G,HP1521,CM4723GDLPTY2206190440
TRU,LIM,2022-06-19 00:45,2142,2022-06-18 23:40,0,LA,320,CCBFK,DL6243TRULIM2206190440
AYT,HAJ,2022-06-19 02:20,257,2022-06-18 23:40,0,FH,320,TCTJS,FH257AYTHAJ2206182040
REC,AJU,2022-06-19 01:00,2997,2022-06-18 23:40,0,AD,AT9,PRAQE,AD2997RECAJU2206190240
GRO,KTW,2022-06-19 02:10,7365,2022-06-18 23:40,0,QS,7M8,OKTVG,QS7365GROKTW2206182140
SAW,OGU,2022-06-19 01:10,7334,2022-06-18 23:40,0,TK,738,TCSBR,TK7334SAWOGU2206182040
RUH,GIZ,2022-06-19 01:35,1801,2022-06-18 23:40,0,SV,320,HZAS43,SV1801RUHGIZ2206182040
GIZ,JED,2022-06-19 01:00,1799,2022-06-18 23:40,0,SV,32N,HZAS84,SV1799GIZJED2206182030
TFU,ZUH,2022-06-19 09:50,6037,2022-06-18 23:40,0,MU,320,B6715,MU6037TFUZUH2206182340
LAX,BOS,2022-06-19 08:20,988,2022-06-18 23:40,0,B6,A321,N981JT,AA9259LAXBOS2206190640
BOM,SIN,2022-06-19 07:40,423,2022-06-18 23:40,0,SQ,388,9VSKM,NH6277BOMSIN2206181810
TIJ,ACA,2022-06-19 05:13,530,2022-06-18 23:40,0,Y4,32A,N511VL,Y4530TIJACA2206190640
ZAD,PUY,2022-06-19 00:10,634,2022-06-18 23:40,0,OU,"",NO-TAIL-NUMBER,OU634SPUPUY2206182140
PMI,BHX,2022-06-19 01:15,1288,2022-06-18 23:40,0,LS,73H,GJZHU,LS1288PMIBHX2206182140
BOS,KEF,2022-06-19 08:55,632,2022-06-18 23:40,0,FI,B38M,TFICY,B65669BOSKEF2206190340
CJU,GMP,2022-06-19 00:50,932,2022-06-18 23:40,0,RS,321,NO-TAIL-NUMBER,RS932CJUGMP2206181440
BRI,FCO,2022-06-19 00:45,7074,2022-06-18 23:40,0,FR,73H,9HQDH,FR7074BRIFCO2206182140
AGP,DUB,2022-06-19 01:40,589,2022-06-18 23:40,0,EI,320,EIDVL,EI589AGPDUB2206182140
TGZ,CUN,2022-06-19 01:25,2259,2022-06-18 23:40,0,VB,320,XAVAN,VB2259TGZCUN2206190440
HHN,BEG,2022-06-19 01:50,4008,2022-06-18 23:40,0,W6,32B,NO-TAIL-NUMBER,W64008HHNBEG2206182140
RIX,PLQ,2022-06-19 00:25,375,2022-06-18 23:40,0,BT,223,YLAAV,AF7978RIXPLQ2206182040
RUH,JED,2022-06-19 01:25,155,2022-06-18 23:40,0,F3,320,HZFAO,F3155RUHJED2206182040
URC,YIN,2022-06-19 00:55,6972,2022-06-18 23:40,0,CZ,738,NO-TAIL-NUMBER,CZ6972URCYIN2206181540
TFU,LNL,2022-06-19 09:15,6347,2022-06-18 23:40,0,3U,320,B6771,3U6347TFULNL2206182340
OTP,MXP,2022-06-19 01:00,8735,2022-06-18 23:40,0,FR,73H,9HQED,FR8735OTPMXP2206182040
SVO,TJM,2022-06-19 04:25,1502,2022-06-18 23:40,0,SU,32N,RA73731,SU1502SVOTJM2206182040
GEG,ORD,2022-06-19 05:03,2311,2022-06-18 23:40,0,UA,A320,N456UA,UA2311GEGORD2206190640
SGN,NRT,2022-06-19 08:00,822,2022-06-18 23:40,0,VJ,321,VNA600,A12822SGNNRT2206181640
MLE,DXB,2022-06-19 03:10,1570,2022-06-18 23:40,0,FZ,7M9,A6FNC,EK2211MLEDXB2206181840
DEN,MCO,2022-06-19 05:10,1609,2022-06-18 23:39,0,UA,B739,N62895,AC3782DENMCO2206190539
LAX,MLM,2022-06-19 05:04,921,2022-06-18 23:39,0,Y4,A20N,XAVRK,Y4921LAXMLM2206190639
ATL,CHS,2022-06-19 00:41,2850,2022-06-18 23:37,0,DL,B752,N676DL,AM3023ATLCHS2206190337
DEN,MCO,2022-06-19 05:21,678,2022-06-18 23:37,0,F9,A321,N714FR,F9678DENMCO2206190537
PHX,DCA,2022-06-19 07:05,1542,2022-06-18 23:37,0,AA,A21N,N444UW,AA1542PHXDCA2206190637
LAS,PHL,2022-06-19 07:33,2142,2022-06-18 23:36,0,F9,A320,N227FR,F92142LASPHL2206190636
BOG,MAD,2022-06-19 16:25,10,2022-06-18 23:35,0,AV,B788,N784AV,AV10BOGMAD2206190435
RIX,SKG,2022-06-19 02:25,615,2022-06-18 23:35,0,BT,223,YLCSJ,A33274RIXSKG2206182035
HAK,SZX,2022-06-19 00:50,9312,2022-06-18 23:35,0,ZH,322,B9979,CA3426HAKSZX2206181535
DME,KJA,2022-06-19 08:20,2547,2022-06-18 23:35,0,S7,73H,RA73665,EK7879DMEKJA2206182035
ADD,FRA,2022-06-19 05:55,706,2022-06-18 23:35,0,ET,77X,ETAYA,ET706ADDFRA2206182035
TUN,IST,2022-06-19 04:25,658,2022-06-18 23:35,0,TK,321,TCJTM,TK658TUNIST2206182235
WUH,TAO,2022-06-19 01:45,5480,2022-06-18 23:35,0,MU,32L,B30D2,MU5480WUHTAO2206181535
DEL,EWR,2022-06-19 06:30,83,2022-06-18 23:35,0,UA,B789,N27959,AC5872DELEWR2206181805
LAX,IAD,2022-06-19 07:40,1699,2022-06-18 23:35,0,UA,B739,N63890,ET1367LAXIAD2206190635
ANC,DEN,2022-06-19 06:45,1959,2022-06-18 23:35,0,UA,B738,N24212,UA1959ANCDEN2206190735
LIM,GRU,2022-06-19 06:20,8040,2022-06-18 23:35,0,LA,320,NO-TAIL-NUMBER,DL6094LIMGRU2206190435
SLC,BOS,2022-06-19 06:03,648,2022-06-18 23:35,0,B6,BCS3,N3062J,B6648SLCBOS2206190535
CAI,IST,2022-06-19 02:50,745,2022-06-18 23:35,0,MS,32N,SUGFL,KQ4703CAIIST2206182135
HND,LHR,2022-06-19 06:25,41,2022-06-18 23:35,0,JL,B788,JA839J,BA4609HNDLHR2206181435
PMI,EMA,2022-06-19 01:15,604,2022-06-18 23:35,0,LS,73H,GJZBB,LS604PMIEMA2206182135
PMI,MXP,2022-06-19 01:15,2748,2022-06-18 23:35,0,U2,320,OEIZC,U22748PMIMXP2206182135
SAW,EVN,2022-06-19 02:35,550,2022-06-18 23:35,0,PC,738,TCCPM,PC550SAWEVN2206182035
BJV,VKO,2022-06-19 04:00,4005,2022-06-18 23:35,0,TK,321,TCJSB,TK4005BJVVKO2206182035
BOM,BKK,2022-06-19 05:35,318,2022-06-18 23:35,0,TG,77W,HSTKP,NH5950BOMBKK2206181805
LED,TJM,2022-06-19 04:55,591,2022-06-18 23:35,0,DP,73H,73229,DP591LEDTJM2206182035
LAS,ATL,2022-06-19 06:24,1063,2022-06-18 23:35,0,DL,A321,N102DN,DL1063LASATL2206190635
JFK,LOS,2022-06-19 15:20,214,2022-06-18 23:35,0,DL,B763,N198DN,DL214JFKLOS2206190335
LIS,GRU,2022-06-19 05:35,87,2022-06-18 23:35,0,TP,339,CSTUJ,AD7217LISGRU2206182235
ONT,IAH,2022-06-19 04:33,1861,2022-06-18 23:35,0,UA,B739,N72405,UA1861ONTIAH2206190635
JFK,KEF,2022-06-19 09:25,618,2022-06-18 23:35,0,FI,B38M,TFICP,B65665JFKKEF2206190335
IST,SVO,2022-06-19 04:40,2135,2022-06-18 23:35,0,SU,333,RA73784,SU2135ISTSVO2206182035
XUZ,CAN,2022-06-19 01:50,8060,2022-06-18 23:35,0,GJ,320,B1212,GJ8060XUZCAN2206181535
SIN,EWR,2022-06-19 06:00,22,2022-06-18 23:35,0,SQ,A359,9VSGC,SQ22SINEWR2206181535
ANC,SEA,2022-06-19 04:00,776,2022-06-18 23:35,0,AS,B739,N297AK,AS776ANCSEA2206190735
IXE,DWC,2022-06-19 01:30,59,2022-06-18 23:35,0,SG,7M8,VTSZK,SG59IXEDWC2206181805
ALA,GUW,2022-06-19 01:45,885,2022-06-18 23:35,0,KC,321,EIKDE,KC885ALAGUW2206181735
HAN,NRT,2022-06-19 06:45,898,2022-06-18 23:35,0,NH,789,JA891A,NH898HANNRT2206181635
CDG,SCL,2022-06-19 07:55,406,2022-06-18 23:35,0,AF,359,FHTYG,AF406CDGSCL2206182135
FLL,SAP,2022-06-18 23:58,829,2022-06-18 23:35,0,NK,A20N,N944NK,NK829FLLSAP2206190335
AYT,PAD,2022-06-19 02:25,368,2022-06-18 23:35,0,XQ,73H,TCSEU,XQ368AYTPAD2206182035
MEL,SIN,2022-06-19 05:30,218,2022-06-18 23:35,0,SQ,359,9VSHI,LH9777MELSIN2206181335
CDG,GRU,2022-06-19 06:30,454,2022-06-18 23:35,0,AF,359,FHTYM,AF454CDGGRU2206182135
VCE,DUB,2022-06-19 01:15,425,2022-06-18 23:35,0,EI,320,NO-TAIL-NUMBER,EI425VCEDUB2206182135
HAN,ICN,2022-06-19 05:50,416,2022-06-18 23:35,0,VN,787,VNA866,KE5684HANICN2206181635
ADB,HAJ,2022-06-19 01:55,974,2022-06-18 23:35,0,XQ,73H,TCSOV,XQ974ADBHAJ2206182035
DEL,BOM,2022-06-19 01:40,2519,2022-06-18 23:35,0,6E,320,VTIZK,6E2519DELBOM2206181805
NAG,PNQ,2022-06-19 01:00,835,2022-06-18 23:35,0,6E,320,VTIID,6E835NAGPNQ2206181805
MEL,NAN,2022-06-19 06:30,930,2022-06-18 23:35,0,FJ,7M8,DQFAH,FJ930MELNAN2206181335
TFU,LHW,2022-06-19 09:05,6331,2022-06-18 23:35,0,3U,320,B8683,3U6331TFULHW2206182335
SSH,MXP,2022-06-19 04:20,6855,2022-06-18 23:35,0,NO,737,EIGRJ,NO6855SSHMXP2206182135
HER,LGW,2022-06-19 01:35,8764,2022-06-18 23:35,0,U2,321,GUZMF,U28764HERLGW2206182035
PHX,DTW,2022-06-19 06:25,746,2022-06-18 23:35,0,DL,A321,N303DN,AM4107PHXDTW2206190635
CAI,RUH,2022-06-19 03:05,649,2022-06-18 23:35,0,MS,738,SUGED,MS649CAIRUH2206182135
AYT,STN,2022-06-19 02:00,1466,2022-06-18 23:35,0,LS,32B,GLSAJ,LS1466AYTSTN2206182035
BCN,JTR,2022-06-19 03:45,2592,2022-06-18 23:35,0,VY,32A,ECJTQ,IB5252BCNJTR2206182135
DLM,LTN,2022-06-19 01:50,2458,2022-06-18 23:35,0,U2,320,GUZLD,U22458DLMLTN2206182035
CCU,DEL,2022-06-19 02:05,830,2022-06-18 23:35,0,I5,320,VTATE,I5830CCUDEL2206181805
SGN,HAN,2022-06-19 01:45,172,2022-06-18 23:35,0,VJ,321,VNA641,A12172SGNHAN2206181635
ADD,FCO,2022-06-19 05:05,712,2022-06-18 23:35,0,ET,77L,ETANQ,A31973ADDFCO2206182035
PMI,DUB,2022-06-19 01:20,739,2022-06-18 23:35,0,EI,320,EIDER,EI739PMIDUB2206182135
TIA,OSL,2022-06-19 02:55,1935,2022-06-18 23:35,0,DY,738,LNENS,DY1935TIAOSL2206182135
SYX,SZX,2022-06-19 01:20,7749,2022-06-18 23:35,0,HU,738,B1215,HU7749SYXSZX2206181535
YYZ,YEG,2022-06-19 01:40,303,2022-06-18 23:35,0,WO,B738,CFONK,WO303YYZYEG2206190335
NBO,JFK,2022-06-19 07:35,2,2022-06-18 23:35,0,KQ,B788,5YKZD,KQ2NBOJFK2206182035
DWC,BAH,2022-06-18 23:55,579,2022-06-18 23:35,0,GF,32D,A9CTD,GF579DWCBAH2206181935
ONT,MCO,2022-06-19 07:19,1150,2022-06-18 23:33,0,F9,A20N,N332FR,F91150ONTMCO2206190633
PHX,ORD,2022-06-19 04:57,1775,2022-06-18 23:33,0,UA,B738,N77510,AC5228PHXORD2206190633
PDX,ORD,2022-06-19 05:21,984,2022-06-18 23:32,0,AA,B738,N352PS,AA984PDXORD2206190632
FAT,GDL,2022-06-19 05:06,787,2022-06-18 23:32,0,AM,B738,N875AM,AM787FATGDL2206190632
BOS,IST,2022-06-19 16:00,82,2022-06-18 23:30,0,TK,A333,TCJNZ,PK5082BOSIST2206190330
ADB,EDI,2022-06-19 02:05,708,2022-06-18 23:30,0,LS,73H,GJZHM,LS708ADBEDI2206182030
BLR,CCU,2022-06-19 02:05,992,2022-06-18 23:30,0,I5,320,VTJRT,I5992BLRCCU2206181800
PPT,HNL,2022-06-19 05:30,482,2022-06-18 23:30,0,HA,A332,N383HA,HA482PPTHNL2206190930
BBI,BLR,2022-06-19 01:30,431,2022-06-18 23:30,0,6E,320,VTIVX,6E431BBIBLR2206181800
LAS,DFW,2022-06-19 04:22,208,2022-06-18 23:30,0,NK,A321,N662NK,NK208LASDFW2206190630
ANC,SLC,2022-06-19 06:04,2298,2022-06-18 23:30,0,DL,B739,N928DU,AM3052ANCSLC2206190730
DLM,EDI,2022-06-19 02:10,712,2022-06-18 23:30,0,LS,73H,GJZBN,LS712DLMEDI2206182030
YYC,YLW,2022-06-18 23:32,279,2022-06-18 23:30,0,WS,B738,CGWUX,DL7067YYCYLW2206190530
CAN,IKA,2022-06-19 03:30,80,2022-06-18 23:30,0,W5,346,EPMMA,W580CANIKA2206181530
EZE,MIA,2022-06-19 07:40,1302,2022-06-18 23:30,0,AR,A332,LVFNK,AR1302EZEMIA2206190230
HAK,SZX,2022-06-19 00:45,3956,2022-06-18 23:30,0,CZ,321,B6629,CZ3956HAKSZX2206181530
YVR,JFK,2022-06-19 07:48,604,2022-06-18 23:30,0,B6,A320,N621JB,B6604YVRJFK2206190630
VKO,LED,2022-06-19 00:45,6052,2022-06-18 23:30,0,SU,SU9,89125,SU6052VKOLED2206182030
SEA,BNA,2022-06-19 05:52,325,2022-06-18 23:30,0,AS,B739,N277AK,AS325SEABNA2206190630
LIS,OPO,2022-06-19 00:30,1928,2022-06-18 23:30,0,TP,320,CSTVK,AY6799LISOPO2206182230
HPH,ICN,2022-06-19 06:15,926,2022-06-18 23:30,0,VJ,320,VNA544,A12926HPHICN2206181630
BKK,ICN,2022-06-19 06:55,656,2022-06-18 23:30,0,TG,77W,HSTKM,OZ6764BKKICN2206181630
TLV,OTP,2022-06-19 02:15,154,2022-06-18 23:30,0,RO,73W,YRBGH,RO154TLVOTP2206182030
ATL,LIM,2022-06-19 05:15,151,2022-06-18 23:30,0,DL,B763,N174DZ,DL151ATLLIM2206190330
TFU,JNG,2022-06-19 09:35,2723,2022-06-18 23:30,0,EU,320,B1856,EU2723TFUJNG2206182330
AYT,NUE,2022-06-19 01:55,166,2022-06-18 23:30,0,XQ,73H,TCSPD,XQ166AYTNUE2206182030
TFU,CGO,2022-06-19 09:30,9677,2022-06-18 23:30,0,8L,73L,B5805,8L9677TFUCGO2206182330
JNB,ADD,2022-06-19 05:55,858,2022-06-18 23:30,0,ET,788,ETATG,ET858JNBADD2206182130
KUL,LHR,2022-06-19 05:55,2,2022-06-18 23:30,0,MH,359,9MMAE,MH2KULLHR2206181530
BOJ,DUB,2022-06-19 01:35,377,2022-06-18 23:30,0,EI,320,EICVC,EI377BOJDUB2206182030
DEL,BKK,2022-06-19 05:25,316,2022-06-18 23:30,0,TG,77W,HSTKO,NH5944DELBKK2206181800
UIO,ATL,2022-06-19 05:39,632,2022-06-18 23:30,0,DL,B752,N693DL,DL632UIOATL2206190430
SIN,MXP,2022-06-19 06:10,378,2022-06-18 23:30,0,SQ,359,9VSMJ,A31203SINMXP2206181530
DEL,JFK,2022-06-19 06:50,293,2022-06-18 23:30,0,AA,B77W,N730AN,AA293DELJFK2206181800
KUL,PEN,2022-06-19 00:30,1194,2022-06-18 23:30,0,MH,738,9MMSB,BI3045KULPEN2206181530
DOH,DAC,2022-06-19 07:20,334,2022-06-18 23:30,0,BS,738,S2AJA,BS334DOHDAC2206182030
OPO,HEL,2022-06-19 05:50,1688,2022-06-18 23:30,0,AY,319,OHLVL,AY1688OPOHEL2206182230
HAN,ICN,2022-06-19 05:50,734,2022-06-18 23:30,0,OZ,333,HL7794,AC6985HANICN2206181630
EBB,BRU,2022-06-19 06:45,465,2022-06-18 23:30,0,SN,333,OOSFB,AC6335EBBBRU2206182030
TPE,SYD,2022-06-19 10:45,51,2022-06-18 23:30,0,CI,359,B18361,CI51TPESYD2206181530
CAG,BGY,2022-06-19 00:55,4707,2022-06-18 23:30,0,FR,73H,9HVUQ,FR4707CAGBGY2206182130
TFU,HAK,2022-06-19 09:55,2413,2022-06-18 23:30,0,EU,320,B8875,EU2413TFUHAK2206182330
DAR,AMS,2022-06-19 07:35,569,2022-06-18 23:30,0,KL,772,PHBQP,AF6716DARAMS2206182030
NTE,BCN,2022-06-19 01:05,2973,2022-06-18 23:30,0,VY,320,ECKDH,IB5285NTEBCN2206182130
VCP,PMW,2022-06-19 01:45,2942,2022-06-18 23:30,0,AD,32N,PRYSA,AD2942VCPPMW2206190230
SEA,PDX,2022-06-19 00:18,2857,2022-06-18 23:30,0,DL,BCS3,N307DU,AM4135SEAPDX2206190630
ESB,VIE,2022-06-19 01:10,764,2022-06-18 23:30,0,XQ,73H,TCSOA,XQ764ESBVIE2206182030
GRU,MAD,2022-06-19 14:35,8064,2022-06-18 23:30,0,LA,777,NO-TAIL-NUMBER,CA7102GRUMAD2206190230
GIG,MAO,2022-06-19 02:35,2002,2022-06-18 23:30,0,G3,7M8,PSGPF,AR7688GIGMAO2206190230
KTM,DXB,2022-06-19 02:25,229,2022-06-18 23:30,0,RA,32A,9NAKX,RA229KTMDXB2206181745
FCO,TLV,2022-06-19 03:50,810,2022-06-18 23:30,0,AZ,320,EIIKU,AZ810FCOTLV2206182130
MTY,TIJ,2022-06-19 00:25,4090,2022-06-18 23:30,0,VB,320,XAVIK,VB4090MTYTIJ2206190430
BJV,MAN,2022-06-19 02:00,984,2022-06-18 23:30,0,LS,73H,GGDFV,LS984BJVMAN2206182030
JMK,VCE,2022-06-19 01:00,1447,2022-06-18 23:30,0,V7,320,NO-TAIL-NUMBER,A33796JMKVCE2206182030
CEK,SVO,2022-06-19 00:20,6262,2022-06-18 23:30,0,SU,738,NO-TAIL-NUMBER,SU6262CEKSVO2206181830
LAS,IAD,2022-06-19 07:00,2280,2022-06-18 23:30,0,UA,B739,N62849,UA2280LASIAD2206190630
YUL,NCE,2022-06-19 13:05,638,2022-06-18 23:30,0,TS,A21N,CGOIW,TS638YULNCE2206190330
NBO,LHR,2022-06-19 06:35,64,2022-06-18 23:30,0,BA,772,GVIIY,AA6654NBOLHR2206182030
ACC,IAD,2022-06-19 06:20,997,2022-06-18 23:30,0,UA,B788,N26906,UA997ACCIAD2206182330
LJG,JHG,2022-06-19 00:35,9604,2022-06-18 23:30,0,8L,320,B307U,8L9604LJGJHG2206181530
SIN,IST,2022-06-19 05:25,55,2022-06-18 23:30,0,TK,77W,TCLJA,BI3610SINIST2206181530
LAS,ORD,2022-06-19 05:04,2619,2022-06-18 23:30,0,AA,B738,N826NN,AA2619LASORD2206190630
MLX,IST,2022-06-19 01:20,2637,2022-06-18 23:30,0,TK,73H,TCJVG,TK2637MLXIST2206182030
ADD,JNB,2022-06-19 03:55,859,2022-06-18 23:30,0,ET,788,ETAOS,ET859ADDJNB2206182030
TFU,CIH,2022-06-19 09:15,4935,2022-06-18 23:30,0,G5,32B,B306X,G54935TFUCIH2206182330
BOM,DEL,2022-06-19 01:40,248,2022-06-18 23:30,0,6E,321,VTIUZ,6E248BOMDEL2206181800
RNO,ORD,2022-06-19 05:09,683,2022-06-18 23:30,0,UA,B737,N16701,UA683RNOORD2206190630
YYC,YXX,2022-06-18 23:50,455,2022-06-18 23:30,0,WS,B737,CGWSO,DL6967YYCYXX2206190530
SYX,WUH,2022-06-19 01:55,2528,2022-06-18 23:30,0,MU,73H,B1513,MU2528SYXWUH2206181530
YVR,IAH,2022-06-19 06:00,2150,2022-06-18 23:30,0,UA,A320,N490UA,AC5290YVRIAH2206190630
SHJ,MAA,2022-06-19 05:10,1906,2022-06-18 23:30,0,AI,321,VTPPJ,AI1906SHJMAA2206181930
TFU,DYG,2022-06-19 09:10,2675,2022-06-18 23:30,0,CA,319,B6038,CA2675TFUDYG2206182330
HMB,KWI,2022-06-19 03:05,714,2022-06-18 23:30,0,J9,320,9KCAN,J9714HMBKWI2206182130
SIN,LHR,2022-06-19 05:55,322,2022-06-18 23:30,0,SQ,388,9VSKR,FJ5901SINLHR2206181530
COK,KUL,2022-06-19 06:20,38,2022-06-18 23:30,0,AK,320,9MAGI,AK38COKKUL2206181800
SIN,ZRH,2022-06-19 06:10,177,2022-06-18 23:30,0,LX,77W,HBJNL,LX177SINZRH2206181530
MEL,AKL,2022-06-19 05:00,217,2022-06-18 23:30,0,JQ,320,VHVFV,JQ217MELAKL2206181330
CNN,COK,2022-06-19 00:25,446,2022-06-18 23:30,0,IX,738,NO-TAIL-NUMBER,IX446CNNCOK2206181800
EBB,AMS,2022-06-19 06:55,537,2022-06-18 23:30,0,KL,333,PHAKE,AF8253EBBAMS2206182030
TPE,SFO,2022-06-18 19:55,4,2022-06-18 23:30,0,CI,B77W,B18053,CI4TPESFO2206181530
AYT,NQZ,2022-06-19 07:15,3060,2022-06-18 23:30,0,TK,333,TCJOM,TK3060AYTNQZ2206182030
AMM,BGW,2022-06-19 01:10,816,2022-06-18 23:30,0,RJ,E95,JYEMA,RJ816AMMBGW2206182030
SEA,ANC,2022-06-19 02:02,167,2022-06-18 23:30,0,AS,B739,N495AS,AS167SEAANC2206190630
MNL,BNE,2022-06-19 09:20,221,2022-06-18 23:30,0,PR,32Q,RPC9930,PR221MNLBNE2206181530
CAN,XIY,2022-06-19 01:55,2304,2022-06-18 23:30,0,MU,32L,B1033,MU2304CANXIY2206181530
GRU,GIG,2022-06-19 00:30,3328,2022-06-18 23:30,0,LA,321,NO-TAIL-NUMBER,DL6106GRUGIG2206190230
LIS,GIG,2022-06-19 05:25,75,2022-06-18 23:30,0,TP,339,CSTUO,AD7211LISGIG2206182230
DWC,BOM,2022-06-19 04:20,5445,2022-06-18 23:30,0,FZ,73H,A6FEX,FZ5445DWCBOM2206181930
AMM,DXB,2022-06-19 03:35,612,2022-06-18 23:30,0,RJ,321,JYAYT,RJ612AMMDXB2206182030
ZHA,HAK,2022-06-19 00:15,6526,2022-06-18 23:30,0,GS,195,B3257,GS6526ZHAHAK2206181530
HAK,CAN,2022-06-19 01:00,1266,2022-06-18 23:30,0,AQ,738,NO-TAIL-NUMBER,AQ1266HAKCAN2206181530
KUL,ICN,2022-06-19 07:10,66,2022-06-18 23:30,0,MH,333,9MMTJ,KE5672KULICN2206181530
BOG,MEX,2022-06-19 04:10,44,2022-06-18 23:29,0,AV,320,N748AV,AV44BOGMEX2206190429
LAX,MSP,2022-06-19 05:01,1294,2022-06-18 23:27,0,DL,A321,N331DN,CZ1165LAXMSP2206190627
BJX,TIJ,2022-06-19 00:26,403,2022-06-18 23:26,0,Y4,32N,XAVRR,Y4403BJXTIJ2206190426
YYZ,KEF,2022-06-19 09:00,604,2022-06-18 23:25,0,FI,B38M,TFICS,FI604YYZKEF2206190325
YVR,YUL,2022-06-19 07:16,564,2022-06-18 23:25,0,WS,B737,CFUWS,CX7004YVRYUL2206190625
MLE,SIN,2022-06-19 07:05,437,2022-06-18 23:25,0,SQ,7M8,9VMBI,SQ437MLESIN2206181825
MAA,DMK,2022-06-19 04:20,154,2022-06-18 23:25,0,FD,320,HSABV,FD154MAADMK2206181755
LAS,JFK,2022-06-19 07:27,797,2022-06-18 23:25,0,DL,B739,N830DN,AZ3276LASJFK2206190625
NIM,CDG,2022-06-19 05:55,339,2022-06-18 23:25,0,AF,332,FGZCH,AF339NIMCDG2206182225
CPT,AMS,2022-06-19 10:55,598,2022-06-18 23:25,0,KL,772,PHBQA,AF8362CPTAMS2206182125
GRU,AJU,2022-06-19 02:00,3234,2022-06-18 23:25,0,LA,320,NO-TAIL-NUMBER,LA3234GRUAJU2206190225
IST,GYD,2022-06-19 03:15,78,2022-06-18 23:25,0,J2,320,4KAZ79,J278ISTGYD2206182025
CEB,MNL,2022-06-19 00:55,8780,2022-06-18 23:25,0,Z2,320,RPC8963,Z28780CEBMNL2206181525
SUF,BGY,2022-06-19 01:05,5293,2022-06-18 23:25,0,FR,73H,9HQDS,FR5293SUFBGY2206182125
KHG,URC,2022-06-19 01:15,2582,2022-06-18 23:25,0,UQ,738,NO-TAIL-NUMBER,UQ2582KHGURC2206181525
TLV,EWR,2022-06-19 04:10,91,2022-06-18 23:25,0,UA,B78X,N12006,UA91TLVEWR2206182025
SBZ,DUB,2022-06-19 00:55,5956,2022-06-18 23:25,0,FR,73H,EIHGP,FR5956SBZDUB2206182025
SGN,HND,2022-06-19 06:55,70,2022-06-18 23:25,0,JL,789,JA880J,AA8494SGNHND2206181625
PMI,MAN,2022-06-19 01:15,786,2022-06-18 23:25,0,LS,73H,ECNOG,LS786PMIMAN2206182125
YYC,YQL,2022-06-19 00:17,3000,2022-06-18 23:25,0,WS,SF34,CGOIA,WS3000YYCYQL2206190525
BOM,KUL,2022-06-19 07:25,195,2022-06-18 23:25,0,MH,333,9MMTO,JL7942BOMKUL2206181755
VRN,CTA,2022-06-19 01:10,5821,2022-06-18 23:25,0,FR,73H,9HQCW,FR5821VRNCTA2206182125
CKG,SYX,2022-06-19 01:40,3232,2022-06-18 23:25,0,3U,32B,NO-TAIL-NUMBER,3U3232CKGSYX2206181525
IBZ,MXP,2022-06-19 01:10,2698,2022-06-18 23:25,0,U2,320,OEIVF,U22698IBZMXP2206182125
CAI,DMM,2022-06-19 03:05,683,2022-06-18 23:25,0,MS,32N,SUGFQ,MS683CAIDMM2206182125
EZE,JFK,2022-06-19 09:30,1300,2022-06-18 23:25,0,AR,A332,LVKAN,AR1300EZEJFK2206190225
RHO,MAN,2022-06-19 01:55,1816,2022-06-18 23:25,0,U2,320,GEZOK,U21816RHOMAN2206182025
BLR,CCU,2022-06-19 02:00,952,2022-06-18 23:25,0,6E,321,VTILY,6E952BLRCCU2206181755
PFO,LGW,2022-06-19 02:15,8938,2022-06-18 23:25,0,U2,320,GUZLN,U28938PFOLGW2206182025
KMG,XIY,2022-06-19 01:50,8253,2022-06-18 23:25,0,3U,320,B6621,3U8253KMGXIY2206181525
COK,MCT,2022-06-19 01:40,1846,2022-06-18 23:25,0,6E,321,VTILF,6E1846COKMCT2206181755
DME,OMS,2022-06-19 05:45,2565,2022-06-18 23:25,0,S7,321,RA73415,EK7947DMEOMS2206182025
DME,OVB,2022-06-19 07:25,2513,2022-06-18 23:25,0,S7,32B,RA73437,B2133DMEOVB2206182025
SIN,MUC,2022-06-19 05:50,791,2022-06-18 23:25,0,LH,359,DAIXO,LH791SINMUC2206181525
MAD,GRU,2022-06-19 04:40,8065,2022-06-18 23:25,0,LA,787,NO-TAIL-NUMBER,AY4419MADGRU2206182125
PEE,VKO,2022-06-18 23:40,432,2022-06-18 23:25,0,DP,738,RA73225,DP432PEEVKO2206181825
BGY,CGN,2022-06-19 00:45,5551,2022-06-18 23:25,0,FR,73H,9HQAG,FR5551BGYCGN2206182125
YNB,JED,2022-06-19 00:30,1582,2022-06-18 23:25,0,SV,32N,HZAS77,SV1582YNBJED2206182020
HYD,DMM,2022-06-19 01:20,1359,2022-06-18 23:25,0,6E,321,VTILQ,6E1359HYDDMM2206181755
AMD,BOM,2022-06-19 00:20,6794,2022-06-18 23:25,0,6E,320,VTITR,6E6794AMDBOM2206181755
KIX,SIN,2022-06-19 04:40,623,2022-06-18 23:25,0,SQ,A359,9VSHQ,NH6261KIXSIN2206181425
RIX,TLV,2022-06-19 03:50,771,2022-06-18 23:25,0,BT,223,YLCSF,BT771RIXTLV2206182025
MIA,SCL,2022-06-19 07:38,957,2022-06-18 23:25,0,AA,B788,N870AX,AA957MIASCL2206190325
AER,DME,2022-06-19 03:35,2050,2022-06-18 23:25,0,S7,32A,RA73183,S72050AERDME2206182025
MAD,MTY,2022-06-19 03:50,35,2022-06-18 23:25,0,AM,B789,XAADH,AM35MADMTY2206182125
YVR,MEX,2022-06-19 07:15,697,2022-06-18 23:25,0,AM,B38M,XACCC,AM697YVRMEX2206190625
MIA,EZE,2022-06-19 09:18,931,2022-06-18 23:25,0,AA,B772,N782AN,AA931MIAEZE2206190325
KMG,KHN,2022-06-19 01:40,5618,2022-06-18 23:25,0,MU,320,B6878,MU5618WUHKHN2206181525
MAD,JMK,2022-06-19 04:10,3662,2022-06-18 23:25,0,IB,32S,NO-TAIL-NUMBER,IB3662MADJMK2206182125
LIS,FNC,2022-06-19 01:10,1693,2022-06-18 23:25,0,TP,32Q,CSTJM,AD7487LISFNC2206182225
PRG,IAS,2022-06-19 02:20,6924,2022-06-18 23:25,0,W6,320,NO-TAIL-NUMBER,W66924PRGIAS2206182125
SMF,EWR,2022-06-19 07:41,1178,2022-06-18 23:25,0,UA,B38M,N27263,UA1178SMFEWR2206190625
LAX,SJO,2022-06-19 06:05,605,2022-06-18 23:25,0,AV,319,N480TA,AV605LAXSJO2206190625
DYG,HAK,2022-06-19 01:30,1066,2022-06-18 23:25,0,GT,320,NO-TAIL-NUMBER,GT1066DYGHAK2206181525
HKG,FRA,2022-06-19 07:30,797,2022-06-18 23:25,0,LH,343,DAIGT,CX6799HKGFRA2206181525
TIJ,MEX,2022-06-19 04:54,818,2022-06-18 23:23,0,Y4,32N,XAVSA,Y4818TIJMEX2206190623
LAS,DTW,2022-06-19 06:23,2130,2022-06-18 23:23,0,F9,A20N,N389FR,F92130LASDTW2206190623
FLL,SAL,2022-06-19 00:12,153,2022-06-18 23:23,0,NK,A320,N624NK,NK153FLLSAL2206190323
LAS,TPA,2022-06-19 06:44,2098,2022-06-18 23:23,0,F9,A20N,N372FR,F92098LASTPA2206190623
LAX,SAL,2022-06-19 05:30,4309,2022-06-18 23:22,0,N3,A20N,N545VL,N34309LAXSAL2206190622
DEN,PTY,2022-06-19 06:06,477,2022-06-18 23:21,0,CM,B738,HP1827,CM477DENPTY2206190521
SFO,JFK,2022-06-19 07:59,311,2022-06-18 23:20,0,DL,B763,N171DN,AR7079SFOJFK2206190620
LAX,MIA,2022-06-19 07:31,340,2022-06-18 23:20,0,AA,B77W,N733AR,AA340LAXMIA2206190620
HAN,NRT,2022-06-19 06:30,752,2022-06-18 23:20,0,JL,789,JA876J,AA8421HANNRT2206181620
DEL,SHJ,2022-06-19 01:30,135,2022-06-18 23:20,0,IX,738,VTGHK,IX135DELSHJ2206181750
JTR,SKG,2022-06-19 00:25,591,2022-06-18 23:20,0,OA,320,SXDVJ,A37591JTRSKG2206182020
DEL,PNQ,2022-06-19 01:20,147,2022-06-18 23:20,0,6E,320,VTIJC,6E147DELPNQ2206181750
YVR,YUL,2022-06-19 07:10,314,2022-06-18 23:20,0,AC,B38M,CGMIU,AC314YVRYUL2206190620
HAN,SGN,2022-06-19 01:30,283,2022-06-18 23:20,0,QH,320,VNA592,QH283HANSGN2206181620
LAX,PHL,2022-06-19 07:38,981,2022-06-18 23:20,0,AA,A21N,N419AN,AA981LAXPHL2206190620
YVR,YOW,2022-06-19 06:57,348,2022-06-18 23:20,0,AC,B38M,CGMIQ,AC348YVRYOW2206190620
DUB,BHX,2022-06-19 00:20,668,2022-06-18 23:20,0,FR,73H,EIEKX,FR668DUBBHX2206182220
MIA,CDG,2022-06-19 14:15,97,2022-06-18 23:20,0,AF,B77W,FGSQA,AF97MIACDG2206190320
SEA,JFK,2022-06-19 07:45,76,2022-06-18 23:20,0,AS,B739,N260AK,AS76SEAJFK2206190620
LKO,DEL,2022-06-19 00:25,2089,2022-06-18 23:20,0,6E,321,VTILI,6E2089LKODEL2206181750
FAO,LPL,2022-06-19 02:15,7196,2022-06-18 23:20,0,U2,319,GEZBJ,U27196FAOLPL2206182220
SFO,JFK,2022-06-19 07:59,339,2022-06-18 23:20,0,AS,A21N,N925VA,AS339SFOJFK2206190620
DPS,BNE,2022-06-19 07:05,52,2022-06-18 23:20,0,VA,73H,VHYIQ,VA52DPSBNE2206181520
CDG,JNB,2022-06-19 10:00,990,2022-06-18 23:20,0,AF,77W,FGSQK,AF990CDGJNB2206182120
DAC,DXB,2022-06-19 02:10,585,2022-06-18 23:20,0,EK,77W,A6EPB,EK585DACDXB2206181720
BLR,DMK,2022-06-19 04:25,138,2022-06-18 23:20,0,FD,320,HSCBE,FD138BLRDMK2206181750
VIE,BKK,2022-06-19 14:20,25,2022-06-18 23:20,0,OS,772,OELPB,LH6466VIEBKK2206182120
PMI,HAJ,2022-06-19 01:55,6850,2022-06-18 23:20,0,EW,32A,OEIQA,EW6850PMIHAJ2206182120
OVB,YKS,2022-06-19 05:15,5261,2022-06-18 23:20,0,S7,32N,RA73457,S75261OVBYKS2206181620
SLC,LAS,2022-06-18 23:48,2837,2022-06-18 23:20,0,DL,B738,N3748Y,AM3699SLCLAS2206190520
CAI,BEY,2022-06-19 01:35,713,2022-06-18 23:20,0,MS,738,SUGEB,MS713CAIBEY2206182120
XIY,SHE,2022-06-19 01:55,6416,2022-06-18 23:20,0,CZ,320,B305D,CZ6416XIYSHE2206181520
OSL,STN,2022-06-19 00:30,1395,2022-06-18 23:20,0,RK,73H,GRUKD,RK1395OSLSTN2206182120
YUL,KEF,2022-06-19 08:35,1012,2022-06-18 23:20,0,AC,B38M,CFSCY,AC1012YULKEF2206190320
BOS,STI,2022-06-19 03:14,923,2022-06-18 23:20,0,B6,A321,N975JT,B6923BOSSTI2206190320
HAK,KMG,2022-06-19 01:15,9974,2022-06-18 23:20,0,8L,320,B300K,8L9974HAKKMG2206181520
ALA,SVO,2022-06-19 01:00,6536,2022-06-18 23:20,0,SU,SU9,NO-TAIL-NUMBER,SU6536ALASVO2206181720
DME,OMS,2022-06-19 05:30,387,2022-06-18 23:20,0,U6,32Q,RA73801,U6387DMEOMS2206182020
GRU,CGR,2022-06-19 00:05,3504,2022-06-18 23:20,0,LA,320,NO-TAIL-NUMBER,LA3504GRUCGR2206190220
LAX,ORD,2022-06-19 05:28,2622,2022-06-18 23:20,0,UA,B739,N38458,AC5116LAXORD2206190620
BCN,ATH,2022-06-19 03:15,8104,2022-06-18 23:20,0,VY,32A,NO-TAIL-NUMBER,IB5806BCNATH2206182120
AMD,GOI,2022-06-19 00:25,6954,2022-06-18 23:20,0,6E,320,VTIVK,6E6954AMDGOI2206181750
VTZ,SIN,2022-06-19 06:00,581,2022-06-18 23:20,0,TR,320,9VTRM,SQ8421VTZSIN2206181750
DXB,CNN,2022-06-19 05:00,58,2022-06-18 23:20,0,G8,32A,VTWGH,G858DXBCNN2206181920
CWB,GRU,2022-06-19 00:20,3297,2022-06-18 23:20,0,LA,320,NO-TAIL-NUMBER,BA7648CWBGRU2206190220
KMG,CAN,2022-06-19 01:25,6824,2022-06-18 23:20,0,MU,73L,B205Z,MU6824KMGCAN2206181520
VCE,PMO,2022-06-19 00:55,4847,2022-06-18 23:20,0,FR,73H,9HQDB,FR4847VCEPMO2206182120
URC,AKU,2022-06-19 00:45,6920,2022-06-18 23:20,0,CZ,738,NO-TAIL-NUMBER,CZ6920URCAKU2206181520
BKO,IST,2022-06-19 09:05,551,2022-06-18 23:20,0,TK,7M8,TCLCK,MS9685BKOIST2206182320
CDG,TUN,2022-06-19 00:45,1784,2022-06-18 23:20,0,AF,320,FGKXP,AF1784CDGTUN2206182120
BEL,LIS,2022-06-19 11:00,48,2022-06-18 23:20,0,TP,32Q,CSTXH,AD7272BELLIS2206190220
TIJ,CUN,2022-06-19 05:50,2267,2022-06-18 23:20,0,VB,320,XAVAU,VB2267TIJCUN2206190620
ABJ,CDG,2022-06-19 08:10,705,2022-06-18 23:20,0,AF,332,FGZCE,AF705ABJCDG2206182320
BAH,MCT,2022-06-19 01:50,560,2022-06-18 23:20,0,GF,32N,A9CTA,GF560BAHMCT2206182020
QSZ,URC,2022-06-19 01:15,6880,2022-06-18 23:20,0,CZ,738,B7971,CZ6880QSZURC2206181520
DLM,GLA,2022-06-19 02:10,152,2022-06-18 23:20,0,LS,73H,GJZBL,LS152DLMGLA2206182020
AJF,RUH,2022-06-19 01:00,1390,2022-06-18 23:20,0,SV,32N,HZAS52,SV1390AJFRUH2206182020
NKG,CSX,2022-06-19 01:00,6549,2022-06-18 23:20,0,MU,320,B9901,MU6549NKGCSX2206181520
BSD,KMG,2022-06-19 00:30,6516,2022-06-18 23:20,0,DR,737,NO-TAIL-NUMBER,DR6516BSDKMG2206181520
SWA,CKG,2022-06-19 01:40,8006,2022-06-18 23:20,0,3U,320,B6176,3U8006SWACKG2206181520
UPG,CGK,2022-06-19 00:30,581,2022-06-18 23:20,0,SJ,738,PKCRA,SJ581UPGCGK2206181520
KMG,WUH,2022-06-19 01:35,2498,2022-06-18 23:20,0,MU,73E,B1961,MU2498KMGWUH2206181520
RIX,HEL,2022-06-19 00:20,325,2022-06-18 23:20,0,BT,223,YLCSM,BT325RIXHEL2206182020
LYA,SHE,2022-06-19 01:40,8926,2022-06-18 23:20,0,9C,320,B6972,9C8926LYASHE2206181520
DEN,BOS,2022-06-19 05:13,1892,2022-06-18 23:20,0,UA,B39M,N47512,UA1892DENBOS2206190520
SZX,SYX,2022-06-19 00:55,6758,2022-06-18 23:20,0,CZ,321,B6389,CZ6758SZXSYX2206181520
AMM,AQJ,2022-06-19 00:20,302,2022-06-18 23:20,0,RJ,E75,JYAYN,AA7207AMMAQJ2206182020
LAO,MNL,2022-06-19 00:35,1199,2022-06-18 23:20,0,PR,321,RPC9902,NH5270LAOMNL2206181315
CDG,MRU,2022-06-19 12:30,470,2022-06-18 23:20,0,AF,77W,FGZNO,AF470CDGMRU2206182120
DME,OSS,2022-06-19 06:35,3259,2022-06-18 23:20,0,S7,32A,RA73404,S73259DMEOSS2206182020
ATL,LIT,2022-06-18 23:51,1736,2022-06-18 23:19,0,DL,A320,N355NW,AM3018ATLLIT2206190319
OGG,LAX,2022-06-19 07:40,1478,2022-06-18 23:19,0,UA,B738,N76523,AC5422OGGLAX2206190919
ORD,SJU,2022-06-19 05:00,1890,2022-06-18 23:19,0,AA,B738,N903NN,AA1890ORDSJU2206190419
YVR,ORD,2022-06-19 05:18,1279,2022-06-18 23:18,0,UA,A319,N849UA,AC4876YVRORD2206190618
LAS,ATL,2022-06-19 06:15,2000,2022-06-18 23:16,0,F9,A20N,N371FR,F92000LASATL2206190616
OGG,PHX,2022-06-19 08:05,1945,2022-06-18 23:16,0,AA,A21N,N450AN,AA1945OGGPHX2206190916
GEO,JFK,2022-06-19 05:00,1966,2022-06-18 23:16,0,B6,A21N,N2084J,B61966GEOJFK2206190316
LED,DXB,2022-06-19 06:15,176,2022-06-18 23:15,0,EK,77W,A6EBU,EK176LEDDXB2206182015
HYD,MAA,2022-06-19 00:25,6007,2022-06-18 23:15,0,6E,320,VTIVB,6E6007HYDMAA2206181745
YYC,YXC,2022-06-19 00:12,3047,2022-06-18 23:15,0,WS,SF34,CGPCF,WS3047YYCYXC2206190515
SFO,MEX,2022-06-19 05:40,665,2022-06-18 23:15,0,AM,B738,XAADT,AM665SFOMEX2206190615
XIY,TAO,2022-06-19 01:20,8816,2022-06-18 23:15,0,SC,738,NO-TAIL-NUMBER,CA8816XIYTAO2206181515
YYZ,YUL,2022-06-19 00:33,598,2022-06-18 23:15,0,WS,B737,CGWBF,DL6884YYZYUL2206190315
KWI,AMM,2022-06-19 01:30,622,2022-06-18 23:15,0,R5,737,JYJAD,R5622KWIAMM2206182015
YVR,YYZ,2022-06-19 06:43,726,2022-06-18 23:15,0,WS,B737,CGGWJ,DL6907YVRYYZ2206190615
TUU,RUH,2022-06-19 01:10,124,2022-06-18 23:15,0,XY,320,VPCQL,XY124TUURUH2206182015
HER,MAN,2022-06-19 01:45,906,2022-06-18 23:15,0,LS,75W,GLSAE,LS906HERMAN2206182015
ANC,FAI,2022-06-19 00:15,185,2022-06-18 23:15,0,AS,B738,N583AS,AA7506ANCFAI2206190715
AMM,DXB,2022-06-19 03:20,144,2022-06-18 23:15,0,FZ,73H,A6FEA,EK2057AMMDXB2206182015
CKG,TNA,2022-06-19 01:25,5472,2022-06-18 23:15,0,MU,32L,B30FD,MU5472CKGTNA2206181515
YYC,YYJ,2022-06-18 23:44,197,2022-06-18 23:15,0,WS,B737,CGWSQ,DL7109YYCYYJ2206190515
SFO,BOS,2022-06-19 08:01,1665,2022-06-18 23:15,0,UA,B39M,N27515,NZ9018SFOBOS2206190615
ZNZ,DOH,2022-06-19 05:00,1488,2022-06-18 23:15,0,QR,788,A7BCR,AY6663ZNZDOH2206182015
MAN,ADB,2022-06-19 05:15,835,2022-06-18 23:15,0,XQ,73H,TCSEY,XQ835MANADB2206182215
JFK,SCL,2022-06-19 09:37,946,2022-06-18 23:15,0,AA,B772,N775AN,AA946JFKSCL2206190315
SKG,ARN,2022-06-19 01:25,1824,2022-06-18 23:15,0,SK,32N,EISIL,A33375SKGARN2206182015
GRU,POA,2022-06-19 01:00,3668,2022-06-18 23:15,0,LA,321,NO-TAIL-NUMBER,LA3668GRUPOA2206190215
JFK,LIM,2022-06-19 06:00,2381,2022-06-18 23:15,0,LA,B763,CCCXH,DL6096JFKLIM2206190315
FCO,EZE,2022-06-19 08:20,680,2022-06-18 23:15,0,AZ,359,EIIFC,AZ680FCOEZE2206182115
MAD,PMI,2022-06-19 00:40,5432,2022-06-18 23:15,0,FR,73H,EIDHC,FR5432MADPMI2206182115
OSL,KGS,2022-06-19 04:10,1892,2022-06-18 23:15,0,DY,738,LNENT,DY1892OSLKGS2206182115
PMO,BLQ,2022-06-19 00:40,4342,2022-06-18 23:15,0,FR,73H,9HQAA,FR4342PMOBLQ2206182115
DEL,SIN,2022-06-19 07:25,380,2022-06-18 23:15,0,AI,788,VTANJ,AI380DELSIN2206181745
XMN,LAX,2022-06-18 21:00,8709,2022-06-18 23:15,0,MF,B788,B2762,MF8709XMNLAX2206181515
MLE,JED,2022-06-19 02:35,787,2022-06-18 23:15,0,SV,789,HZARE,SV787MLEJED2206181815
AGP,BCN,2022-06-19 00:55,2118,2022-06-18 23:15,0,VY,320,NO-TAIL-NUMBER,IB5188AGPBCN2206182115
LIL,TUN,2022-06-19 00:50,557,2022-06-18 23:15,0,BJ,320,TSIND,BJ557LILTUN2206182115
BSB,CGR,2022-06-18 23:55,3712,2022-06-18 23:15,0,LA,320,NO-TAIL-NUMBER,LA3712BSBCGR2206190215
BSB,AJU,2022-06-19 01:20,3700,2022-06-18 23:15,0,LA,321,NO-TAIL-NUMBER,LA3700BSBAJU2206190215
WAW,KGS,2022-06-19 02:59,7494,2022-06-18 23:15,0,QS,73H,OKTVJ,QS7494WAWKGS2206182115
CAI,JED,2022-06-19 02:30,386,2022-06-18 23:15,0,SV,33R,HZAQ22,SV386CAIJED2206182115
YYZ,YOW,2022-06-19 00:17,376,2022-06-18 23:15,0,WS,B737,CGWAZ,AF6561YYZYOW2206190315
RIX,TLL,2022-06-19 00:05,361,2022-06-18 23:15,0,BT,223,YLABC,BT361RIXTLL2206182015
VNO,EVN,2022-06-19 03:45,8049,2022-06-18 23:15,0,W6,320,HALSA,W68049VNOEVN2206182015
KMG,HFE,2022-06-19 01:55,5444,2022-06-18 23:15,0,MU,320,B8563,MU5444KMGHFE2206181515
NKC,ALG,2022-06-19 03:50,4015,2022-06-18 23:15,0,AH,73H,7TVKG,AH4015NKCALG2206182315
BKK,NRT,2022-06-19 07:30,52,2022-06-18 23:15,0,ZG,788,JA825J,ZG52BKKNRT2206181615
SYX,SZX,2022-06-19 00:50,6498,2022-06-18 23:15,0,CZ,321,B6265,CZ6498SYXSZX2206181515
LCA,STN,2022-06-19 02:10,1496,2022-06-18 23:15,0,LS,73H,GJZHW,LS1496LCASTN2206182015
SHJ,DEL,2022-06-19 03:55,136,2022-06-18 23:15,0,IX,738,VTAXJ,IX136SHJDEL2206181915
ADD,NBO,2022-06-19 01:20,308,2022-06-18 23:15,0,ET,738,ETAOA,ET308ADDNBO2206182015
LAS,CVG,2022-06-19 05:59,1180,2022-06-18 23:15,0,DL,B739,N900DU,DL1180LASCVG2206190615
CSX,KMG,2022-06-19 01:20,7120,2022-06-18 23:15,0,A6,32A,B302Y,A67120CSXKMG2206181515
CDG,TLV,2022-06-19 04:40,326,2022-06-18 23:15,0,LY,788,4XERB,AM7854CDGTLV2206182115
DLM,MAN,2022-06-19 02:00,922,2022-06-18 23:15,0,LS,332,ECMAJ,LS922DLMMAN2206182015
YIW,SZX,2022-06-19 01:25,6226,2022-06-18 23:15,0,DZ,738,B5313,DZ6226YIWSZX2206181515
BOG,LHR,2022-06-19 15:35,120,2022-06-18 23:15,0,AV,B788,N795AV,AV120BOGLHR2206190415
DXB,DOH,2022-06-18 23:25,1015,2022-06-18 23:15,0,QR,77W,A7BEO,QR1015DXBDOH2206181915
YYZ,LGW,2022-06-19 11:00,40,2022-06-18 23:15,0,WS,B789,CGUDH,EK4718YYZLGW2206190315
BKK,DEL,2022-06-19 02:15,331,2022-06-18 23:15,0,TG,772,HSTJW,NH5595BKKDEL2206181615
PMI,FMO,2022-06-19 01:45,6806,2022-06-18 23:15,0,EW,32A,OEIQC,EW6806PMIFMO2206182115
MSQ,EVN,2022-06-19 05:00,733,2022-06-18 23:15,0,B2,E95,EW513PO,B2733MSQEVN2206182015
MAD,ATH,2022-06-19 03:55,3282,2022-06-18 23:15,0,IB,320,ECNFZ,IB3282MADATH2206182115
EZE,MEX,2022-06-19 07:15,29,2022-06-18 23:15,0,AM,788,N783AM,AM29EZEMEX2206190215
SMF,GDL,2022-06-19 05:07,873,2022-06-18 23:15,0,Y4,A320,XAVLF,Y4873SMFGDL2206190615
ADA,SAW,2022-06-19 00:40,7391,2022-06-18 23:15,0,TK,73H,TCJZO,TK7391ADASAW2206182015
SIN,ICN,2022-06-19 06:45,752,2022-06-18 23:15,0,OZ,333,HL8293,OZ752SINICN2206181515
PEN,BKI,2022-06-19 02:00,5326,2022-06-18 23:15,0,AK,320,9MAGZ,AK5326PENBKI2206181515
GZT,IST,2022-06-19 01:05,2229,2022-06-18 23:15,0,TK,73H,TCJVZ,JU8207GZTIST2206182015
SVO,LED,2022-06-19 00:40,34,2022-06-18 23:15,0,SU,32B,73727,JU7030SVOLED2206182015
SZX,CGO,2022-06-19 01:55,6312,2022-06-18 23:15,0,PN,320,B9969,PN6312SZXCGO2206181515
GRU,MEX,2022-06-19 07:00,8112,2022-06-18 23:15,0,LA,767,NO-TAIL-NUMBER,LA8112GRUMEX2206190215
NAG,GOI,2022-06-19 00:55,763,2022-06-18 23:15,0,6E,320,VTISF,6E763NAGGOI2206181745
AYT,MAN,2022-06-19 02:05,896,2022-06-18 23:15,0,LS,332,GVYGL,LS896AYTMAN2206182015
YYC,YQR,2022-06-19 00:45,3300,2022-06-18 23:15,0,WS,DH8D,CFWEW,DL7227YYCYQR2206190515
CMN,TNG,2022-06-19 00:35,470,2022-06-18 23:15,0,AT,AT7,CNCOE,AT470CMNTNG2206182215
JFK,KEF,2022-06-19 09:05,246,2022-06-18 23:15,0,DL,B763,N169DZ,AF3592JFKKEF2206190315
SZX,CKG,2022-06-19 01:40,6230,2022-06-18 23:15,0,PN,320,B306T,PN6230SZXCKG2206181515
DMM,RUH,2022-06-19 00:25,1169,2022-06-18 23:15,0,SV,321,HZASU,AZ5391DMMRUH2206182010
SAW,BJV,2022-06-19 00:30,7350,2022-06-18 23:15,0,TK,73V,TCJZJ,TK7350SAWBJV2206182015
ATH,JMK,2022-06-18 23:59,384,2022-06-18 23:15,0,A3,32N,NO-TAIL-NUMBER,A3384ATHJMK2206182015
AMS,IST,2022-06-19 03:35,1956,2022-06-18 23:15,0,TK,789,TCLLP,GF6050AMSIST2206182115
SHJ,DEL,2022-06-19 04:00,463,2022-06-18 23:15,0,G9,320,A6ANY,G9463SHJDEL2206181915
GRU,MIA,2022-06-19 06:45,906,2022-06-18 23:15,0,AA,B772,N793AN,AA906GRUMIA2206190215
YYC,YKA,2022-06-18 23:33,3241,2022-06-18 23:15,0,WS,DH8D,CFJWE,DL6950YYCYKA2206190515
SVO,MCX,2022-06-19 02:55,1054,2022-06-18 23:15,0,SU,32A,RA73779,SU1054SVOMCX2206182015
BGY,NCL,2022-06-19 00:30,461,2022-06-18 23:15,0,FR,73H,EIEVR,FR461BGYNCL2206182115
MAA,SIN,2022-06-19 06:10,529,2022-06-18 23:15,0,SQ,787,9VSCO,NH6283MAASIN2206181745
RIX,VNO,2022-06-19 00:05,349,2022-06-18 23:15,0,BT,223,YLABF,AF7980RIXVNO2206182015
PAT,HYD,2022-06-19 01:20,6962,2022-06-18 23:15,0,6E,320,VTIFI,6E6962PATHYD2206181745
YVR,YYZ,2022-06-19 06:40,804,2022-06-18 23:15,0,WG,B38M,CFAXD,WG804YVRYYZ2206190615
YYC,YVR,2022-06-18 23:41,135,2022-06-18 23:15,0,WS,B738,CFCSX,DL7232YYCYVR2206190515
WNZ,CAN,2022-06-19 01:20,1258,2022-06-18 23:15,0,AQ,738,B1472,AQ1258WNZCAN2206181515
LAX,DFW,2022-06-19 04:27,1964,2022-06-18 23:15,0,NK,A20N,N943NK,NK1964LAXDFW2206190615
SLC,FLL,2022-06-19 05:46,346,2022-06-18 23:13,0,DL,A321,N302DN,DL346SLCFLL2206190513
AUS,SJU,2022-06-19 05:00,1855,2022-06-18 23:13,0,AA,B738,N928NN,AA1855AUSSJU2206190413
SLC,SFO,2022-06-19 00:19,2104,2022-06-18 23:12,0,DL,A319,N334NB,AM3480SLCSFO2206190512
SEA,DTW,2022-06-19 06:27,1602,2022-06-18 23:12,0,DL,B739,N911DQ,DL1602SEADTW2206190612
BRI,BGY,2022-06-19 00:35,4131,2022-06-18 23:10,0,FR,73H,9HVUK,FR4131BRIBGY2206182110
VIE,TIA,2022-06-19 00:40,849,2022-06-18 23:10,0,OS,320,OELBY,OS849VIETIA2206182110
NBO,DXB,2022-06-19 05:25,304,2022-06-18 23:10,0,KQ,73H,5YCYA,KQ304NBODXB2206182010
NAG,BOM,2022-06-19 00:40,5311,2022-06-18 23:10,0,6E,321,VTILR,6E5311NAGBOM2206181740
SFO,FLL,2022-06-19 07:54,278,2022-06-18 23:10,0,B6,A321,N991JT,B6278SFOFLL2206190610
KMG,CAN,2022-06-19 01:30,5741,2022-06-18 23:10,0,MU,737,B5271,MU5741KMGCAN2206181510
CZX,WNZ,2022-06-19 00:35,8134,2022-06-18 23:10,0,GJ,320,B8985,GJ8134CZXWNZ2206181510
IST,TIA,2022-06-18 23:50,1004,2022-06-18 23:10,0,ZB,320,ZABEL,TK9249ISTTIA2206182010
OVB,PKC,2022-06-19 10:30,5249,2022-06-18 23:10,0,S7,32Q,RA73439,S75249OVBPKC2206181610
DXB,RUH,2022-06-18 23:55,210,2022-06-18 23:10,0,XY,320,HZNS36,XY210DXBRUH2206181910
CCC,YYZ,2022-06-19 02:35,603,2022-06-18 23:10,0,WG,B738,CGBZS,WG603CCCYYZ2206190310
VCE,CTA,2022-06-19 00:55,1076,2022-06-18 23:10,0,FR,73H,9HQBY,FR1076VCECTA2206182110
SZX,SYX,2022-06-19 00:50,7750,2022-06-18 23:10,0,HU,738,B1347,HU7750SZXSYX2206181510
OVB,VVO,2022-06-19 07:45,5203,2022-06-18 23:10,0,S7,32N,RA73464,S75203OVBVVO2206181610
WNZ,CKG,2022-06-19 01:50,6284,2022-06-18 23:10,0,PN,320,B8867,PN6284WNZCKG2206181510
JNB,AMS,2022-06-19 10:20,592,2022-06-18 23:10,0,KL,77W,PHBVI,AF8282JNBAMS2206182110
BOG,GYE,2022-06-19 01:15,123,2022-06-18 23:10,0,AV,320,N742AV,AV123BOGGYE2206190410
SMF,GDL,2022-06-19 05:06,789,2022-06-18 23:10,0,AM,B738,XAAMC,AM789SMFGDL2206190610
MDE,MEX,2022-06-19 02:55,34,2022-06-18 23:10,0,AV,320,N454AV,AV34MDEMEX2206190410
KTM,SIN,2022-06-19 06:30,441,2022-06-18 23:10,0,SQ,738,9VMGM,SQ441KTMSIN2206181725
ULV,VKO,2022-06-18 23:45,486,2022-06-18 23:10,0,DP,738,RA73248,DP486ULVVKO2206181910
IBZ,BRS,2022-06-19 00:30,6088,2022-06-18 23:10,0,U2,320,GEZWB,U26088IBZBRS2206182110
DME,BQS,2022-06-19 12:45,3065,2022-06-18 23:10,0,S7,32N,RA73465,HZ2704DMEBQS2206182010
BLR,DEL,2022-06-19 02:00,2053,2022-06-18 23:10,0,6E,321,VTIUW,6E2053BLRDEL2206181740
GRU,MAO,2022-06-19 02:05,3560,2022-06-18 23:10,0,LA,320,NO-TAIL-NUMBER,LA3560GRUMAO2206190210
SAW,ECN,2022-06-19 00:40,7792,2022-06-18 23:10,0,TK,738,TCJHA,TK7792SAWECN2206182010
GOI,BLR,2022-06-19 00:25,6806,2022-06-18 23:10,0,6E,320,VTISE,6E6806GOIBLR2206181740
BOG,MIA,2022-06-19 04:00,8,2022-06-18 23:10,0,AV,A320,N567AV,AV8BOGMIA2206190410
VCP,UDI,2022-06-19 00:40,4670,2022-06-18 23:10,0,AD,AT9,PRTKI,AD4670VCPUDI2206190210
HAN,ICN,2022-06-19 05:25,680,2022-06-18 23:10,0,KE,333,HL8026,DL7910HANICN2206181610
IST,ADA,2022-06-19 00:35,2474,2022-06-18 23:10,0,TK,73H,TCJVM,JU8024ISTADA2206182010
CAN,BHY,2022-06-19 00:45,3353,2022-06-18 23:10,0,CZ,320,B6782,CZ3353CANBHY2206181510
SYX,CTU,2022-06-19 01:55,2208,2022-06-18 23:10,0,EU,320,B8606,EU2208SYXCTU2206181510
BHX,AYT,2022-06-19 05:20,4331,2022-06-18 23:10,0,TK,73H,TCJZT,TK4331BHXAYT2206182210
ADB,SAW,2022-06-19 00:15,2209,2022-06-18 23:10,0,PC,320,TCNCK,PC2209ADBSAW2206182010
HTY,IST,2022-06-19 01:00,2255,2022-06-18 23:10,0,TK,7M8,TCLCM,TK2255HTYIST2206182010
ZUH,HAK,2022-06-19 00:25,7020,2022-06-18 23:10,0,HU,738,B7171,HU7020ZUHHAK2206181510
IBZ,VLC,2022-06-18 23:55,7210,2022-06-18 23:10,0,FR,73H,9HQAF,FR7210IBZVLC2206182110
BRI,BLQ,2022-06-19 00:25,4316,2022-06-18 23:10,0,FR,73H,9HVUP,FR4316BRIBLQ2206182110
PMO,BGY,2022-06-19 00:55,2290,2022-06-18 23:10,0,FR,73H,9HQCH,FR2290PMOBGY2206182110
CAI,JNB,2022-06-19 07:10,839,2022-06-18 23:10,0,MS,789,SUGEU,A31334CAIJNB2206182110
DWC,DEL,2022-06-19 04:10,1124,2022-06-18 23:10,0,6E,320,VTIZS,6E1124DWCDEL2206181910
AUH,BOM,2022-06-19 04:10,1006,2022-06-18 23:10,0,G8,32A,VTWGN,G81006AUHBOM2206181910
DXB,BLR,2022-06-19 05:05,96,2022-06-18 23:10,0,6E,320,VTISY,6E96DXBBLR2206181910
OTP,SKG,2022-06-19 00:25,7668,2022-06-18 23:10,0,FR,73H,EIEKP,FR7668OTPSKG2206182010
HGH,CKG,2022-06-19 01:35,8088,2022-06-18 23:10,0,3U,319,B2300,3U8088HGHCKG2206181510
IST,AYT,2022-06-19 00:20,2426,2022-06-18 23:10,0,TK,73H,TCJVL,JU8098ISTAYT2206182010
BJX,TIJ,2022-06-19 00:15,5031,2022-06-18 23:10,0,VB,320,XAVAO,VB5031BJXTIJ2206190410
SZF,IST,2022-06-19 00:50,2815,2022-06-18 23:10,0,TK,32R,TCJSS,TK2815SZFIST2206182010
CCU,HYD,2022-06-19 01:15,775,2022-06-18 23:10,0,6E,321,VTIML,6E775CCUHYD2206181740
CNF,FOR,2022-06-19 01:55,4246,2022-06-18 23:10,0,AD,32A,PRYYF,AD4246CNFFOR2206190210
YUL,MEX,2022-06-19 03:50,637,2022-06-18 23:10,0,AM,B38M,XACCN,AM637YULMEX2206190310
GOI,BOM,2022-06-19 00:35,697,2022-06-18 23:10,0,AI,32B,VTEXG,AI697GOIBOM2206181740
BJV,ALA,2022-06-19 07:40,3120,2022-06-18 23:10,0,TK,73J,TCJYL,TK3120BJVALA2206182010
CSX,NNG,2022-06-19 01:00,8430,2022-06-18 23:10,0,CZ,738,NO-TAIL-NUMBER,CZ8430CSXNNG2206181510
SZX,HAK,2022-06-19 00:30,7022,2022-06-18 23:10,0,HU,738,B1103,HU7022SZXHAK2206181510
SEA,BLI,2022-06-18 23:53,2532,2022-06-18 23:10,0,AS,DH8D,N442QX,AA7559SEABLI2206190610
KUF,VKO,2022-06-18 23:59,358,2022-06-18 23:10,0,UT,738,RA73085,TK9007KUFVKO2206181910
ADD,DXB,2022-06-19 04:30,612,2022-06-18 23:10,0,ET,77L,ETAUP,ET612ADDDXB2206182010
BOS,LIS,2022-06-19 10:45,124,2022-06-18 23:10,0,DL,B763,N1200K,AF3627BOSLIS2206190310
RIX,TLL,2022-06-18 23:59,1361,2022-06-18 23:10,0,BT,223,YLABE,BT1361RIXTLL2206182010
CEB,MNL,2022-06-19 00:40,2506,2022-06-18 23:10,0,5J,32Q,RPC4124,5J2506CEBMNL2206181510
MEX,LHR,2022-06-19 16:00,7,2022-06-18 23:10,0,AM,B788,N782AM,AM7MEXLHR2206190410
JED,DXB,2022-06-19 03:15,598,2022-06-18 23:10,0,SV,32U,HZASD,SV598JEDDXB2206182010
EZE,DFW,2022-06-19 08:23,996,2022-06-18 23:10,0,AA,B772,N758AN,AA996EZEDFW2206190210
CGN,AYT,2022-06-19 03:35,4309,2022-06-18 23:10,0,TK,7D3,TCJHE,TK4309CGNAYT2206182110
WUH,LYI,2022-06-19 00:25,3785,2022-06-18 23:10,0,CZ,738,B1409,CZ3785WUHLYI2206181510
BOG,UIO,2022-06-19 00:55,187,2022-06-18 23:10,0,AV,320,N411AV,AV187BOGUIO2206190410
ATH,JTR,2022-06-18 23:55,364,2022-06-18 23:10,0,A3,32N,SXNEB,A3364ATHJTR2206182010
SVQ,BCN,2022-06-19 00:50,2221,2022-06-18 23:10,0,VY,321,NO-TAIL-NUMBER,AA8861SVQBCN2206182110
KHG,URC,2022-06-19 01:00,7568,2022-06-18 23:10,0,GS,32K,B1658,GS7568KHGURC2206181510
SVO,LED,2022-06-19 00:30,6039,2022-06-18 23:10,0,SU,SU9,89131,SU6039SVOLED2206182010
SFO,SMF,2022-06-19 00:15,5638,2022-06-18 23:09,0,UA,E75L,N160SY,AC4530SFOSMF2206190609
PHX,EWR,2022-06-19 06:59,2669,2022-06-18 23:09,0,AA,A321,N174US,AA2669PHXEWR2206190609
DTW,GRR,2022-06-18 23:56,1262,2022-06-18 23:08,0,DL,A320,N331NW,AF2522DTWGRR2206190308
SFO,MFR,2022-06-19 00:36,708,2022-06-18 23:07,0,UA,B738,N76265,NZ9529SFOMFR2206190607
CLO,MDE,2022-06-18 23:59,4348,2022-06-18 23:07,0,LA,320,NO-TAIL-NUMBER,LA4348CLOMDE2206190407
SEA,IAD,2022-06-19 07:03,2492,2022-06-18 23:06,0,UA,A319,N850UA,CM2765SEAIAD2206190606
LAX,CVG,2022-06-19 06:22,881,2022-06-18 23:06,0,DL,B739,N802DN,CZ1035LAXCVG2206190606
NUE,STN,2022-06-18 23:45,7633,2022-06-18 23:05,0,FR,7M8,EIHAY,FR7633NUESTN2206182105
RHO,EDI,2022-06-19 01:45,726,2022-06-18 23:05,0,LS,73H,GGDFX,LS726RHOEDI2206182005
SLC,BZN,2022-06-19 00:23,1186,2022-06-18 23:05,0,DL,A321,N343DN,DL1186SLCBZN2206190505
ATH,SKG,2022-06-18 23:59,136,2022-06-18 23:05,0,A3,32N,SXNEC,A3136ATHSKG2206182005
ATH,SKG,2022-06-18 23:53,390,2022-06-18 23:05,0,GQ,32N,SXGRE,GQ390ATHSKG2206182005
MCT,CMB,2022-06-19 04:50,206,2022-06-18 23:05,0,UL,320,4RANA,UL206MCTCMB2206181905
HPH,SGN,2022-06-19 01:05,281,2022-06-18 23:05,0,VJ,321,VNA540,A12281HPHSGN2206181605
AHB,JED,2022-06-19 00:20,1655,2022-06-18 23:05,0,SV,320,HZAS41,SV1655AHBJED2206182000
BCM,DUB,2022-06-19 00:50,2955,2022-06-18 23:05,0,0B,738,NO-TAIL-NUMBER,0B2955BCMDUB2206182005
YYC,YMM,2022-06-19 00:39,3149,2022-06-18 23:05,0,WS,DH8D,CFWEP,DL7018YYCYMM2206190505
KUT,KRK,2022-06-19 00:35,5082,2022-06-18 23:05,0,W6,32Q,HALZR,W65082KUTKRK2206181905
PFO,GLA,2022-06-19 02:25,158,2022-06-18 23:05,0,LS,73H,GDRTM,LS158PFOGLA2206182005
LAS,CLT,2022-06-19 06:23,2252,2022-06-18 23:05,0,NK,A20N,N955NK,NK2252LASCLT2206190605
POA,REC,2022-06-19 03:00,2637,2022-06-18 23:05,0,AD,32N,PRYRQ,AD2637POAREC2206190205
GDL,TIJ,2022-06-19 00:05,774,2022-06-18 23:05,0,AM,7S8,N368AR,AM774GDLTIJ2206190405
SZX,HGH,2022-06-19 01:05,7397,2022-06-18 23:05,0,HU,738,B1386,HU7397SZXHGH2206181505
IBZ,BUD,2022-06-19 01:45,2382,2022-06-18 23:05,0,W6,321,NO-TAIL-NUMBER,W62382IBZBUD2206182105
RIX,BUS,2022-06-19 04:05,720,2022-06-18 23:05,0,BT,223,YLCSH,BT720RIXBUS2206182005
CFU,MAN,2022-06-19 00:45,952,2022-06-18 23:05,0,LS,73H,GJZBM,LS952CFUMAN2206182005
CKG,NKG,2022-06-19 01:10,2836,2022-06-18 23:05,0,MU,32L,B30DJ,MU2836CKGNKG2206181505
YKS,VVO,2022-06-19 03:30,6206,2022-06-18 23:05,0,S7,32N,RA73453,S76206YKSVVO2206181405
KWE,HGH,2022-06-19 01:15,8724,2022-06-18 23:05,0,GJ,320,B8560,GJ8724KWEHGH2206181505
MCT,DOH,2022-06-18 23:30,661,2022-06-18 23:05,0,WY,789,A4OSI,QR4634MCTDOH2206181905
AGP,LGW,2022-06-19 00:55,6566,2022-06-18 23:05,0,U2,320,GEZOA,U26566AGPLGW2206182105
AUH,KUL,2022-06-19 10:30,418,2022-06-18 23:05,0,EY,781,A6BME,EY418AUHKUL2206181905
MAN,DUB,2022-06-18 23:59,559,2022-06-18 23:05,0,FR,73H,EIDYY,FR559MANDUB2206182205
SFO,STS,2022-06-18 23:59,5354,2022-06-18 23:05,0,UA,CRJ2,N494CA,NZ9735SFOSTS2206190605
YNZ,SZX,2022-06-19 01:30,6876,2022-06-18 23:05,0,9C,320,B8590,9C6876YNZSZX2206181505
AYT,BHX,2022-06-19 01:45,1240,2022-06-18 23:05,0,LS,32B,YLLCV,LS1240AYTBHX2206182005
ATL,MCI,2022-06-19 00:09,743,2022-06-18 23:05,0,DL,B738,N388DA,AF6802ATLMCI2206190305
AUH,LHE,2022-06-19 03:15,241,2022-06-18 23:05,0,EY,789,A6BLJ,EY241AUHLHE2206181905
RUH,TUU,2022-06-19 01:05,1539,2022-06-18 23:05,0,SV,32N,HZAS51,SV1539RUHTUU2206182005
GRU,MIA,2022-06-19 06:20,8190,2022-06-18 23:05,0,LA,777,NO-TAIL-NUMBER,DL6058GRUMIA2206190205
COK,AUH,2022-06-19 01:35,1734,2022-06-18 23:05,0,6E,320,VTIZB,6E1734COKAUH2206181735
LOS,JNB,2022-06-19 06:05,7563,2022-06-18 23:05,0,P4,E90,5NBYH,P47563LOSJNB2206182205
RUH,MED,2022-06-19 00:35,1467,2022-06-18 23:05,0,SV,32N,HZAS68,SV1467RUHMED2206182005
CSX,SWA,2022-06-19 00:40,3826,2022-06-18 23:05,0,CZ,738,B5640,CZ3826CSXSWA2206181505
SGC,OVB,2022-06-19 02:45,5350,2022-06-18 23:05,0,S7,E70,NO-TAIL-NUMBER,S75350SGCOVB2206181805
MYY,KUL,2022-06-19 01:20,5649,2022-06-18 23:05,0,AK,320,9MAJY,AK5649MYYKUL2206181505
AYT,GLA,2022-06-19 02:05,110,2022-06-18 23:05,0,LS,73H,GJZHK,LS110AYTGLA2206182005
KMG,CSX,2022-06-19 01:10,1839,2022-06-18 23:05,0,EU,320,B8879,EU1839KMGCSX2206181505
BCD,MNL,2022-06-19 00:15,8608,2022-06-18 23:05,0,Z2,320,RPC8964,Z28608BCDMNL2206181505
DME,LED,2022-06-19 01:00,1063,2022-06-18 23:05,0,Y7,738,73258,Y71063DMELED2206182005
ATQ,DEL,2022-06-19 00:15,480,2022-06-18 23:05,0,AI,321,VTPPM,AI480ATQDEL2206181735
DPS,CGK,2022-06-18 23:55,7527,2022-06-18 23:05,0,QZ,320,PKAXY,QZ7527DPSCGK2206181505
BAH,MLE,2022-06-19 06:05,144,2022-06-18 23:05,0,GF,32D,A9CTF,GF144BAHMLE2206182005
GRU,JFK,2022-06-19 07:40,8180,2022-06-18 23:05,0,LA,787,NO-TAIL-NUMBER,CX1805GRUJFK2206190205
SCQ,STN,2022-06-19 00:10,8379,2022-06-18 23:05,0,FR,7M8,EIHAW,FR8379SCQSTN2206182105
NAG,DEL,2022-06-19 01:00,5019,2022-06-18 23:05,0,6E,321,VTIUC,6E5019NAGDEL2206181735
SAW,TBS,2022-06-19 02:15,7722,2022-06-18 23:05,0,TK,738,TCSBV,TK7722SAWTBS2206182005
SAW,MLX,2022-06-19 00:40,7318,2022-06-18 23:05,0,TK,73H,TCJFZ,TK7318SAWMLX2206182005
CFU,VIE,2022-06-18 23:50,9134,2022-06-18 23:05,0,OS,320,OELBI,OS9134CFUVIE2206182005
KWI,CAI,2022-06-19 00:55,162,2022-06-18 23:05,0,NP,321,SUBQL,NP162KWICAI2206182005
LAS,MIA,2022-06-19 07:00,2534,2022-06-18 23:05,0,AA,B738,N963NN,AA2534LASMIA2206190605
REC,GRU,2022-06-19 02:20,3479,2022-06-18 23:05,0,LA,321,NO-TAIL-NUMBER,BA7666RECGRU2206190205
AAT,URC,2022-06-19 00:20,6846,2022-06-18 23:05,0,CZ,738,B1362,CZ6846AATURC2206181505
BAV,XIY,2022-06-19 00:40,7616,2022-06-18 23:05,0,GS,190,NO-TAIL-NUMBER,GS7616BAVXIY2206181505
DEL,YYZ,2022-06-19 06:10,43,2022-06-18 23:05,0,AC,B77L,CFIVK,AC43DELYYZ2206181735
DEN,TPA,2022-06-19 04:36,738,2022-06-18 23:05,0,F9,A320,N211FR,F9738DENTPA2206190505
BLR,PNQ,2022-06-19 00:25,232,2022-06-18 23:05,0,6E,320,VTIUR,6E232BLRPNQ2206181735
BLR,SIN,2022-06-19 06:10,511,2022-06-18 23:05,0,SQ,359,9VSHY,NH6281BLRSIN2206181735
SAW,ASR,2022-06-19 00:25,7298,2022-06-18 23:05,0,TK,738,TCJZZ,TK7298SAWASR2206182005
XIY,KMG,2022-06-19 01:25,9886,2022-06-18 23:05,0,8L,737,B6800,8L9886XIYKMG2206181505
DLA,CDG,2022-06-19 06:50,961,2022-06-18 23:05,0,AF,332,FGZCN,AF961DLACDG2206182205
CPH,MAN,2022-06-18 23:59,9839,2022-06-18 23:05,0,FR,73H,EIDCL,FR9839CPHMAN2206182105
CFU,MXP,2022-06-18 23:55,2950,2022-06-18 23:05,0,U2,320,OEIVI,U22950CFUMXP2206182005
GOI,DEL,2022-06-19 01:50,774,2022-06-18 23:05,0,I5,32N,VTGWH,I5774GOIDEL2206181735
LAX,ATL,2022-06-19 06:26,309,2022-06-18 23:05,0,DL,B739,N880DN,CZ1007LAXATL2206190605
LIS,FAO,2022-06-18 23:50,1909,2022-06-18 23:05,0,TP,32N,CSTVC,AD7244LISFAO2206182205
KUL,IST,2022-06-19 05:15,61,2022-06-18 23:05,0,TK,77W,TCJJE,MH4271KULIST2206181505
SAW,IKA,2022-06-19 03:40,512,2022-06-18 23:05,0,PC,321,TCRBL,PC512SAWIKA2206182005
CKG,SJW,2022-06-19 01:15,8994,2022-06-18 23:05,0,9C,320,B30D7,9C8994CKGSJW2206181505
CDG,BCN,2022-06-19 00:55,8247,2022-06-18 23:05,0,VY,320,NO-TAIL-NUMBER,IB5825CDGBCN2206182105
TZX,AMM,2022-06-19 02:00,7950,2022-06-18 23:05,0,TK,73H,TCJFY,TK7950TZXAMM2206182005
SFO,ORD,2022-06-19 05:24,1494,2022-06-18 23:04,0,UA,B739,N69824,AC5432SFOORD2206190604
SFO,CMH,2022-06-19 06:47,1649,2022-06-18 23:03,0,UA,A320,N402UA,UA1649SFOCMH2206190603
SFO,IND,2022-06-19 06:30,2423,2022-06-18 23:03,0,UA,A320,N464UA,NZ2731SFOIND2206190603
MDE,BOG,2022-06-19 00:01,9327,2022-06-18 23:03,0,AV,320,N481AV,AM8260MDEBOG2206190403
LAX,SBA,2022-06-18 23:58,4796,2022-06-18 23:02,0,UA,CRJ7,N788SK,AC4180LAXSBA2206190602
ATL,MKE,2022-06-18 23:59,1335,2022-06-18 23:02,0,DL,A320,N348NW,AF5767ATLMKE2206190302
ATL,LAS,2022-06-19 00:16,1661,2022-06-18 23:01,0,DL,A321,N357DN,DL1661ATLLAS2206190301
LAX,BWI,2022-06-19 07:07,1605,2022-06-18 23:01,0,UA,B738,N12221,NZ6739LAXBWI2206190601
GRU,CDG,2022-06-19 15:20,702,2022-06-18 23:00,0,LA,787,CCBGE,AY4406GRUCDG2206190200
BCN,TLV,2022-06-19 04:10,392,2022-06-18 23:00,0,LY,739,4XEHD,IB2391BCNTLV2206182100
LIM,ASU,2022-06-19 03:33,1321,2022-06-18 23:00,0,LA,320,NO-TAIL-NUMBER,LA1321LIMASU2206190400
WAW,NQZ,2022-06-19 09:10,195,2022-06-18 23:00,0,LO,788,SPLRA,LO195WAWNQZ2206182100
MCO,PHL,2022-06-19 01:25,1168,2022-06-18 23:00,0,F9,A321,N720FR,F91168MCOPHL2206190300
PTY,EWR,2022-06-19 05:04,2012,2022-06-18 23:00,0,UA,B739,N66814,CM1924PTYEWR2206190400
AUH,CMB,2022-06-19 05:00,208,2022-06-18 23:00,0,UL,32B,4RAND,EY7152AUHCMB2206181900
NNG,SYX,2022-06-19 00:20,3232,2022-06-18 23:00,0,BK,73E,NO-TAIL-NUMBER,BK3232NNGSYX2206181500
MXP,TLV,2022-06-19 03:45,388,2022-06-18 23:00,0,LY,739,4XEHE,LY388MXPTLV2206182100
TNA,CKG,2022-06-19 01:35,6328,2022-06-18 23:00,0,PN,319,B6413,PN6328TNACKG2206181500
LUM,KMG,2022-06-19 00:20,5974,2022-06-18 23:00,0,MU,737,B6141,MU5974LUMKMG2206181500
PFO,NCL,2022-06-19 02:10,516,2022-06-18 23:00,0,LS,73H,GJZBI,LS516PFONCL2206182000
TFU,HRB,2022-06-19 10:35,2713,2022-06-18 23:00,0,CA,32N,B324T,CA2713TFUHRB2206182300
HTN,URC,2022-06-19 00:45,6814,2022-06-18 23:00,0,CZ,738,B1407,CZ6814HTNURC2206181500
HGH,CAN,2022-06-19 01:05,8989,2022-06-18 23:00,0,GJ,320,B321X,GJ8989HGHCAN2206181500
YWG,YEG,2022-06-19 00:10,225,2022-06-18 23:00,0,WO,B738,CFYPB,WO225YWGYEG2206190400
MCO,SJU,2022-06-19 01:52,106,2022-06-18 23:00,0,F9,A321,N704FR,F9106MCOSJU2206190300
SAP,EWR,2022-06-19 05:21,2450,2022-06-18 23:00,0,UA,B738,N27205,UA2450SAPEWR2206190500
SLC,RNO,2022-06-18 23:33,3833,2022-06-18 23:00,0,DL,E75L,N256SY,AM3477SLCRNO2206190500
JFK,LHR,2022-06-19 11:00,138,2022-06-18 23:00,0,VS,B789,GVZIG,AF9917JFKLHR2206190300
SLC,SMF,2022-06-18 23:44,2311,2022-06-18 23:00,0,DL,B738,N3752,AM4244SLCSMF2206190500
DAD,SGN,2022-06-19 00:25,643,2022-06-18 23:00,0,VJ,320,VNA520,A12643DADSGN2206181600
VCP,GIG,2022-06-19 00:05,4449,2022-06-18 23:00,0,AD,295,PRPJN,AD4449VCPGIG2206190200
DLC,YNT,2022-06-18 23:55,1590,2022-06-18 23:00,0,JR,MA6,NO-TAIL-NUMBER,JR1590DLCYNT2206181500
FCO,TIA,2022-06-19 00:30,510,2022-06-18 23:00,0,AZ,319,EIIMJ,AF9804FCOTIA2206182100
OVB,IKT,2022-06-19 02:30,276,2022-06-18 23:00,0,IO,SU9,RA89075,IO276OVBIKT2206181600
PER,DOH,2022-06-19 05:25,901,2022-06-18 23:00,0,QR,77W,A7BAN,BA6383PERDOH2206181500
SHJ,KHI,2022-06-19 02:00,546,2022-06-18 23:00,0,G9,320,A6AOR,G9546SHJKHI2206181900
PMI,BCN,2022-06-18 23:55,2494,2022-06-18 23:00,0,FR,73H,EIDCM,FR2494PMIBCN2206182100
TFU,YIN,2022-06-19 11:40,2515,2022-06-18 23:00,0,CA,32N,B324H,CA2515TFUYIN2206182300
KUF,SVO,2022-06-18 23:50,1605,2022-06-18 23:00,0,SU,32A,RA73769,SU1605KUFSVO2206181900
GRU,JPA,2022-06-19 02:10,3550,2022-06-18 23:00,0,LA,321,NO-TAIL-NUMBER,LA3550GRUJPA2206190200
LHE,MCT,2022-06-19 01:00,229,2022-06-18 23:00,0,PK,320,APBLU,PK229LHEMCT2206181800
ATL,GPT,2022-06-18 23:20,2644,2022-06-18 23:00,0,DL,B738,N391DA,DL2644ATLGPT2206190300
UDI,BPS,2022-06-19 00:45,4599,2022-06-18 23:00,0,AD,32N,PRYRX,AD4599UDIBPS2206190200
IST,ADB,2022-06-19 00:05,2346,2022-06-18 23:00,0,TK,73H,TCJVC,JU8060ISTADB2206182000
BBI,DEL,2022-06-19 01:20,731,2022-06-18 23:00,0,6E,320,VTILE,6E731BBIDEL2206181730
JED,RUH,2022-06-19 00:45,1052,2022-06-18 23:00,0,SV,789,HZAR22,SV1052JEDRUH2206182000
PVG,IKA,2022-06-19 04:00,76,2022-06-18 23:00,0,W5,346,EPMMD,W576PVGIKA2206181500
ANC,DEN,2022-06-19 06:25,1168,2022-06-18 23:00,0,AS,B738,N523AS,AS1168ANCDEN2206190700
VCP,BPS,2022-06-19 00:55,9134,2022-06-18 23:00,0,AD,E95,PRAXN,AD9134VCPBPS2206190200
LCA,BHX,2022-06-19 02:10,1270,2022-06-18 23:00,0,LS,73H,GGDFW,LS1270LCABHX2206182000
DSS,CDG,2022-06-19 06:30,719,2022-06-18 23:00,0,AF,77W,FGSQE,AF719DSSCDG2206182300
PQC,HAN,2022-06-19 01:05,1630,2022-06-18 23:00,0,QH,321,VNA599,QH1630PQCHAN2206181600
RUH,TIF,2022-06-19 00:35,1911,2022-06-18 23:00,0,SV,32N,HZAS54,SV1911RUHTIF2206182000
KTM,DOH,2022-06-19 01:15,239,2022-06-18 23:00,0,RA,332,9NALY,RA239KTMDOH2206181715
EWR,LIS,2022-06-19 10:50,204,2022-06-18 23:00,0,TP,A21N,CSTXB,AC2692EWRLIS2206190300
COK,SIN,2022-06-19 05:55,535,2022-06-18 23:00,0,SQ,7M8,9VMBD,SQ535COKSIN2206181730
SVX,SVO,2022-06-18 23:40,1415,2022-06-18 23:00,0,SU,32B,RA73743,SU1415SVXSVO2206181800
HPH,SGN,2022-06-19 01:00,283,2022-06-18 23:00,0,VJ,320,VNA627,A12283HPHSGN2206181600
ATL,DTW,2022-06-19 00:48,486,2022-06-18 23:00,0,DL,B752,N695DL,AM5188ATLDTW2206190300
CAI,RUH,2022-06-19 02:45,320,2022-06-18 23:00,0,SV,33R,HZAQ14,SV320CAIRUH2206182100
CAI,DOH,2022-06-19 03:10,937,2022-06-18 23:00,0,MS,738,SUGCS,AC2901CAIDOH2206182100
DEL,NRT,2022-06-19 10:30,306,2022-06-18 23:00,0,AI,788,VTANR,AI306DELNRT2206181730
YYZ,POS,2022-06-19 04:40,601,2022-06-18 23:00,0,BW,B38M,9YJAM,BW601YYZPOS2206190300
CEB,ICN,2022-06-19 05:25,2406,2022-06-18 23:00,0,7C,738,HL8316,7C2406CEBICN2206181500
TLV,MIA,2022-06-19 05:20,53,2022-06-18 23:00,0,AA,B772,N772AN,AA53TLVMIA2206182000
CCU,BKK,2022-06-19 02:45,742,2022-06-18 23:00,0,SG,7M8,VTSPP,SG742CCUBKK2206181730
JFK,LHR,2022-06-19 11:05,182,2022-06-18 23:00,0,BA,B77W,GSTBD,AA6941JFKLHR2206190300
BKK,IST,2022-06-19 05:15,69,2022-06-18 23:00,0,TK,33D,TCJNR,TG7545BKKIST2206181600
MLE,DXB,2022-06-19 02:00,653,2022-06-18 23:00,0,EK,77W,A6EPA,B65093MLEDXB2206181800
XIY,CSX,2022-06-19 00:55,2864,2022-06-18 23:00,0,BK,739,B1521,BK2864XIYCSX2206181500
MEX,LHR,2022-06-19 15:30,242,2022-06-18 23:00,0,BA,B789,GZBKS,BA242MEXLHR2206190400
DAC,IST,2022-06-19 04:25,723,2022-06-18 23:00,0,TK,333,TCJOF,TK723DACIST2206181700
HYD,SIN,2022-06-19 06:10,523,2022-06-18 23:00,0,SQ,7M8,9VMBG,SQ523HYDSIN2206181730
CPH,KEF,2022-06-19 00:15,217,2022-06-18 23:00,0,FI,75W,TFLLL,AY6833CPHKEF2206182100
NKG,CKG,2022-06-19 01:20,6260,2022-06-18 23:00,0,PN,320,B6763,PN6260NKGCKG2206181500
SHJ,SKT,2022-06-19 03:00,552,2022-06-18 23:00,0,G9,321,A6ATF,G9552SHJSKT2206181900
ATL,ECP,2022-06-18 23:05,2534,2022-06-18 23:00,0,DL,B712,N929AT,AM3142ATLECP2206190300
MAD,LIS,2022-06-18 23:25,3118,2022-06-18 23:00,0,IB,32A,ECLUL,AA8633MADLIS2206182100
SCL,JFK,2022-06-19 09:30,532,2022-06-18 23:00,0,LA,B788,CCBBG,DL6053SCLJFK2206190300
EFL,BRS,2022-06-19 00:35,6134,2022-06-18 23:00,0,U2,320,GEZUC,U26134EFLBRS2206182000
GRO,BRS,2022-06-19 00:10,9335,2022-06-18 23:00,0,FR,73H,EIEBD,FR9335GROBRS2206182100
YYC,YEG,2022-06-18 23:49,237,2022-06-18 23:00,0,WS,B738,CFWSE,WS237YYCYEG2206190500
SFO,MIA,2022-06-19 07:43,2421,2022-06-18 23:00,0,AA,B38M,N338ST,AA2421SFOMIA2206190600
BKK,MUC,2022-06-19 05:20,773,2022-06-18 23:00,0,LH,359,DAIXA,LH773BKKMUC2206181600
BOS,LHR,2022-06-19 10:35,24,2022-06-18 23:00,0,UA,B763,N686UA,AC3632BOSLHR2206190300
VVI,MIA,2022-06-19 06:00,766,2022-06-18 23:00,0,OB,B763,CP2881,OB766VVIMIA2206190300
ALC,MAN,2022-06-19 00:55,882,2022-06-18 23:00,0,LS,73H,GDRTC,LS882ALCMAN2206182100
